 ,Label,Circ.,AR,Round,Solidity
1,apple_1.jpg,0.375,1.975,0.506,0.803
2,apple_10.jpg,0.373,1.821,0.549,0.790
3,apple_100.jpg,0.421,2.069,0.483,0.841
4,apple_101.jpg,0.389,1.726,0.580,0.790
5,apple_102.jpg,0.475,1.510,0.662,0.855
6,apple_103.jpg,0.412,1.585,0.631,0.784
7,apple_104.jpg,0.522,1.495,0.669,0.868
8,apple_105.jpg,0.429,1.851,0.540,0.829
9,apple_106.jpg,0.504,1.610,0.621,0.856
10,apple_107.jpg,0.411,1.858,0.538,0.821
11,apple_108.jpg,0.445,1.757,0.569,0.835
12,apple_109.jpg,0.421,1.701,0.588,0.816
13,apple_11.jpg,0.350,2.294,0.436,0.789
14,apple_110.jpg,0.468,1.446,0.692,0.821
15,apple_111.jpg,0.430,1.689,0.592,0.829
16,apple_112.jpg,0.460,1.641,0.609,0.842
17,apple_113.jpg,0.506,1.512,0.661,0.879
18,apple_114.jpg,0.461,1.545,0.647,0.843
19,apple_115.jpg,0.427,1.470,0.680,0.795
20,apple_116.jpg,0.452,1.567,0.638,0.821
21,apple_117.jpg,0.440,1.462,0.684,0.815
22,apple_118.jpg,0.367,2.218,0.451,0.792
23,apple_119.jpg,0.375,1.909,0.524,0.770
24,apple_12.jpg,0.368,2.095,0.477,0.801
25,apple_120.jpg,0.350,2.160,0.463,0.783
26,apple_121.jpg,0.355,1.990,0.502,0.779
27,apple_122.jpg,0.320,2.198,0.455,0.753
28,apple_123.jpg,0.374,2.080,0.481,0.798
29,apple_124.jpg,0.457,1.535,0.652,0.838
30,apple_125.jpg,0.372,2.130,0.470,0.807
31,apple_126.jpg,0.350,2.263,0.442,0.804
32,apple_127.jpg,0.430,1.703,0.587,0.838
33,apple_128.jpg,0.453,1.751,0.571,0.875
34,apple_129.jpg,0.390,1.403,0.713,0.818
35,apple_13.jpg,0.402,1.970,0.508,0.815
36,apple_130.jpg,0.457,1.509,0.663,0.847
37,apple_131.jpg,0.470,1.347,0.742,0.836
38,apple_132.jpg,0.469,1.370,0.730,0.857
39,apple_133.jpg,0.453,1.638,0.610,0.823
40,apple_134.jpg,0.416,2.178,0.459,0.849
41,apple_135.jpg,0.371,2.000,0.500,0.807
42,apple_136.jpg,0.431,1.748,0.572,0.831
43,apple_137.jpg,0.473,1.374,0.728,0.868
44,apple_138.jpg,0.388,2.244,0.446,0.829
45,apple_139.jpg,0.404,1.864,0.536,0.804
46,apple_14.jpg,0.374,2.239,0.447,0.814
47,apple_140.jpg,0.353,2.106,0.475,0.798
48,apple_141.jpg,0.358,1.943,0.515,0.777
49,apple_142.jpg,0.383,2.141,0.467,0.808
50,apple_143.jpg,0.414,1.792,0.558,0.805
51,apple_144.jpg,0.421,1.762,0.568,0.801
52,apple_145.jpg,0.393,2.092,0.478,0.815
53,apple_146.jpg,0.407,1.702,0.588,0.810
54,apple_147.jpg,0.402,1.659,0.603,0.793
55,apple_148.jpg,0.378,1.959,0.510,0.790
56,apple_149.jpg,0.418,1.708,0.585,0.786
57,apple_15.jpg,0.340,2.244,0.446,0.788
58,apple_150.jpg,0.415,1.807,0.553,0.804
59,apple_151.jpg,0.408,1.742,0.574,0.805
60,apple_152.jpg,0.367,1.915,0.522,0.762
61,apple_153.jpg,0.431,1.664,0.601,0.811
62,apple_154.jpg,0.417,1.869,0.535,0.834
63,apple_155.jpg,0.452,1.729,0.579,0.846
64,apple_156.jpg,0.468,1.615,0.619,0.847
65,apple_157.jpg,0.488,1.787,0.560,0.880
66,apple_158.jpg,0.409,1.878,0.533,0.791
67,apple_159.jpg,0.388,1.662,0.602,0.780
68,apple_16.jpg,0.351,2.135,0.468,0.783
69,apple_160.jpg,0.405,1.999,0.500,0.789
70,apple_161.jpg,0.462,1.574,0.635,0.856
71,apple_162.jpg,0.511,1.256,0.796,0.874
72,apple_163.jpg,0.468,1.420,0.704,0.829
73,apple_164.jpg,0.389,2.007,0.498,0.807
74,apple_165.jpg,0.468,1.546,0.647,0.884
75,apple_166.jpg,0.421,1.955,0.511,0.815
76,apple_167.jpg,0.479,1.473,0.679,0.817
77,apple_168.jpg,0.394,2.101,0.476,0.782
78,apple_169.jpg,0.432,1.773,0.564,0.819
79,apple_17.jpg,0.380,1.947,0.514,0.803
80,apple_170.jpg,0.512,1.723,0.580,0.890
81,apple_171.jpg,0.372,1.837,0.544,0.747
82,apple_172.jpg,0.367,2.106,0.475,0.746
83,apple_173.jpg,0.437,2.091,0.478,0.862
84,apple_174.jpg,0.398,2.313,0.432,0.828
85,apple_175.jpg,0.414,2.348,0.426,0.853
86,apple_176.jpg,0.440,1.566,0.638,0.787
87,apple_177.jpg,0.409,1.654,0.605,0.755
88,apple_178.jpg,0.379,1.593,0.628,0.752
89,apple_179.jpg,0.396,1.876,0.533,0.760
90,apple_18.jpg,0.373,2.075,0.482,0.804
91,apple_180.jpg,0.486,1.453,0.688,0.811
92,apple_181.jpg,0.336,2.184,0.458,0.729
93,apple_182.jpg,0.420,1.689,0.592,0.788
94,apple_183.jpg,0.357,1.718,0.582,0.715
95,apple_184.jpg,0.470,1.561,0.641,0.838
96,apple_185.jpg,0.484,1.542,0.648,0.843
97,apple_186.jpg,0.357,1.954,0.512,0.755
98,apple_187.jpg,0.418,1.735,0.576,0.785
99,apple_188.jpg,0.325,2.307,0.433,0.760
100,apple_189.jpg,0.369,2.271,0.440,0.794
101,apple_19.jpg,0.389,1.991,0.502,0.811
102,apple_190.jpg,0.369,1.921,0.520,0.723
103,apple_191.jpg,0.403,1.904,0.525,0.801
104,apple_192.jpg,0.381,1.735,0.576,0.764
105,apple_193.jpg,0.351,2.103,0.475,0.764
106,apple_194.jpg,0.369,1.811,0.552,0.750
107,apple_195.jpg,0.395,1.893,0.528,0.754
108,apple_196.jpg,0.356,2.033,0.492,0.768
109,apple_197.jpg,0.381,2.009,0.498,0.780
110,apple_198.jpg,0.356,2.301,0.435,0.797
111,apple_199.jpg,0.392,1.906,0.525,0.818
112,apple_2.jpg,0.343,2.460,0.407,0.798
113,apple_20.jpg,0.433,1.583,0.632,0.839
114,apple_200.jpg,0.379,2.261,0.442,0.820
115,apple_201.jpg,0.404,1.797,0.557,0.807
116,apple_202.jpg,0.414,1.803,0.555,0.810
117,apple_203.jpg,0.328,2.090,0.478,0.742
118,apple_204.jpg,0.361,1.962,0.510,0.771
119,apple_205.jpg,0.378,2.020,0.495,0.790
120,apple_206.jpg,0.355,1.927,0.519,0.771
121,apple_207.jpg,0.486,1.429,0.700,0.810
122,apple_208.jpg,0.430,1.569,0.637,0.791
123,apple_209.jpg,0.452,1.453,0.688,0.789
124,apple_21.jpg,0.450,1.553,0.644,0.812
125,apple_210.jpg,0.451,1.582,0.632,0.810
126,apple_211.jpg,0.491,1.823,0.549,0.872
127,apple_212.jpg,0.409,1.552,0.644,0.793
128,apple_213.jpg,0.377,1.819,0.550,0.765
129,apple_214.jpg,0.419,1.720,0.581,0.808
130,apple_215.jpg,0.456,1.657,0.604,0.839
131,apple_216.jpg,0.364,2.325,0.430,0.785
132,apple_217.jpg,0.356,2.362,0.423,0.782
133,apple_218.jpg,0.330,2.339,0.428,0.763
134,apple_219.jpg,0.359,2.282,0.438,0.772
135,apple_22.jpg,0.409,1.649,0.606,0.842
136,apple_220.jpg,0.412,1.762,0.568,0.803
137,apple_221.jpg,0.339,2.236,0.447,0.761
138,apple_222.jpg,0.407,1.928,0.519,0.807
139,apple_223.jpg,0.374,2.209,0.453,0.794
140,apple_224.jpg,0.342,2.323,0.430,0.779
141,apple_225.jpg,0.361,2.302,0.434,0.782
142,apple_226.jpg,0.409,1.605,0.623,0.796
143,apple_227.jpg,0.426,1.273,0.785,0.789
144,apple_228.jpg,0.452,1.193,0.838,0.823
145,apple_229.jpg,0.395,1.840,0.543,0.787
146,apple_23.jpg,0.357,2.099,0.476,0.798
147,apple_230.jpg,0.389,1.769,0.565,0.797
148,apple_231.jpg,0.465,1.600,0.625,0.856
149,apple_232.jpg,0.424,1.845,0.542,0.822
150,apple_233.jpg,0.455,1.709,0.585,0.826
151,apple_234.jpg,0.443,1.802,0.555,0.844
152,apple_235.jpg,0.464,1.556,0.643,0.864
153,apple_236.jpg,0.424,1.606,0.623,0.826
154,apple_237.jpg,0.488,1.645,0.608,0.873
155,apple_238.jpg,0.422,2.047,0.488,0.852
156,apple_239.jpg,0.362,2.064,0.485,0.778
157,apple_24.jpg,0.470,1.834,0.545,0.865
158,apple_240.jpg,0.387,2.038,0.491,0.812
159,apple_241.jpg,0.356,2.050,0.488,0.773
160,apple_242.jpg,0.455,1.571,0.637,0.848
161,apple_243.jpg,0.422,1.871,0.534,0.838
162,apple_244.jpg,0.440,1.849,0.541,0.850
163,apple_245.jpg,0.410,2.102,0.476,0.842
164,apple_246.jpg,0.494,1.531,0.653,0.874
165,apple_247.jpg,0.456,2.050,0.488,0.893
166,apple_248.jpg,0.446,1.740,0.575,0.823
167,apple_249.jpg,0.466,1.609,0.622,0.852
168,apple_25.jpg,0.444,1.580,0.633,0.850
169,apple_250.jpg,0.470,1.603,0.624,0.855
170,apple_251.jpg,0.376,1.800,0.555,0.818
171,apple_252.jpg,0.428,1.807,0.553,0.843
172,apple_253.jpg,0.407,2.161,0.463,0.805
173,apple_254.jpg,0.380,2.379,0.420,0.807
174,apple_255.jpg,0.387,2.166,0.462,0.818
175,apple_256.jpg,0.363,2.385,0.419,0.801
176,apple_257.jpg,0.375,2.248,0.445,0.806
177,apple_258.jpg,0.397,2.023,0.494,0.819
178,apple_259.jpg,0.388,2.090,0.479,0.810
179,apple_26.jpg,0.361,2.082,0.480,0.795
180,apple_260.jpg,0.377,2.052,0.487,0.794
181,apple_261.jpg,0.404,2.017,0.496,0.816
182,apple_262.jpg,0.509,1.790,0.559,0.883
183,apple_263.jpg,0.353,2.196,0.455,0.808
184,apple_264.jpg,0.305,2.757,0.363,0.783
185,apple_265.jpg,0.333,2.255,0.443,0.755
186,apple_266.jpg,0.285,2.641,0.379,0.761
187,apple_267.jpg,0.314,2.867,0.349,0.805
188,apple_268.jpg,0.311,2.519,0.397,0.770
189,apple_269.jpg,0.315,2.511,0.398,0.773
190,apple_27.jpg,0.393,1.936,0.516,0.801
191,apple_270.jpg,0.318,2.693,0.371,0.781
192,apple_271.jpg,0.410,1.981,0.505,0.823
193,apple_272.jpg,0.305,2.525,0.396,0.765
194,apple_273.jpg,0.373,2.157,0.464,0.790
195,apple_274.jpg,0.356,2.672,0.374,0.834
196,apple_275.jpg,0.397,2.186,0.457,0.842
197,apple_276.jpg,0.408,2.088,0.479,0.855
198,apple_277.jpg,0.328,2.721,0.367,0.810
199,apple_278.jpg,0.311,2.620,0.382,0.762
200,apple_279.jpg,0.348,2.264,0.442,0.785
201,apple_28.jpg,0.474,1.727,0.579,0.866
202,apple_280.jpg,0.373,1.970,0.508,0.781
203,apple_281.jpg,0.462,1.830,0.547,0.874
204,apple_282.jpg,0.380,2.194,0.456,0.797
205,apple_283.jpg,0.347,2.369,0.422,0.791
206,apple_284.jpg,0.353,2.672,0.374,0.813
207,apple_285.jpg,0.406,2.030,0.493,0.810
208,apple_286.jpg,0.431,1.882,0.531,0.841
209,apple_287.jpg,0.370,2.086,0.479,0.781
210,apple_288.jpg,0.469,1.409,0.710,0.811
211,apple_289.jpg,0.400,2.073,0.482,0.813
212,apple_29.jpg,0.440,1.723,0.580,0.846
213,apple_290.jpg,0.447,1.958,0.511,0.877
214,apple_291.jpg,0.396,2.098,0.477,0.827
215,apple_292.jpg,0.365,2.171,0.461,0.822
216,apple_293.jpg,0.391,2.077,0.481,0.834
217,apple_294.jpg,0.328,2.513,0.398,0.773
218,apple_295.jpg,0.362,2.001,0.500,0.796
219,apple_296.jpg,0.389,2.122,0.471,0.830
220,apple_297.jpg,0.368,2.250,0.445,0.812
221,apple_298.jpg,0.392,2.211,0.452,0.842
222,apple_299.jpg,0.381,2.272,0.440,0.838
223,apple_3.jpg,0.350,2.012,0.497,0.779
224,apple_30.jpg,0.400,1.883,0.531,0.825
225,apple_300.jpg,0.373,1.908,0.524,0.795
226,apple_301.jpg,0.346,2.510,0.398,0.814
227,apple_302.jpg,0.384,1.957,0.511,0.822
228,apple_303.jpg,0.440,1.675,0.597,0.834
229,apple_304.jpg,0.364,2.473,0.404,0.844
230,apple_305.jpg,0.424,1.942,0.515,0.840
231,apple_306.jpg,0.386,2.129,0.470,0.806
232,apple_307.jpg,0.329,2.356,0.424,0.767
233,apple_308.jpg,0.499,1.701,0.588,0.888
234,apple_309.jpg,0.330,2.607,0.384,0.810
235,apple_31.jpg,0.369,2.154,0.464,0.799
236,apple_310.jpg,0.452,1.739,0.575,0.848
237,apple_311.jpg,0.376,2.306,0.434,0.814
238,apple_312.jpg,0.367,2.136,0.468,0.790
239,apple_313.jpg,0.392,2.085,0.480,0.808
240,apple_314.jpg,0.366,2.309,0.433,0.813
241,apple_315.jpg,0.447,1.920,0.521,0.871
242,apple_316.jpg,0.347,2.242,0.446,0.778
243,apple_317.jpg,0.358,2.200,0.455,0.785
244,apple_318.jpg,0.331,2.284,0.438,0.760
245,apple_319.jpg,0.346,2.148,0.466,0.772
246,apple_32.jpg,0.329,2.254,0.444,0.749
247,apple_320.jpg,0.358,2.271,0.440,0.822
248,apple_321.jpg,0.374,2.311,0.433,0.807
249,apple_322.jpg,0.422,1.992,0.502,0.824
250,apple_323.jpg,0.330,2.492,0.401,0.796
251,apple_324.jpg,0.322,2.562,0.390,0.769
252,apple_325.jpg,0.380,2.369,0.422,0.832
253,apple_326.jpg,0.383,2.164,0.462,0.807
254,apple_327.jpg,0.404,2.137,0.468,0.821
255,apple_328.jpg,0.353,2.271,0.440,0.797
256,apple_329.jpg,0.387,1.824,0.548,0.776
257,apple_33.jpg,0.359,2.152,0.465,0.836
258,apple_330.jpg,0.436,1.872,0.534,0.871
259,apple_331.jpg,0.377,1.988,0.503,0.766
260,apple_332.jpg,0.415,1.830,0.546,0.795
261,apple_333.jpg,0.434,1.553,0.644,0.784
262,apple_334.jpg,0.362,1.895,0.528,0.761
263,apple_335.jpg,0.382,2.181,0.459,0.786
264,apple_336.jpg,0.404,1.704,0.587,0.789
265,apple_337.jpg,0.392,1.821,0.549,0.778
266,apple_338.jpg,0.411,1.624,0.616,0.785
267,apple_339.jpg,0.412,1.558,0.642,0.781
268,apple_34.jpg,0.341,2.266,0.441,0.807
269,apple_340.jpg,0.478,1.534,0.652,0.825
270,apple_341.jpg,0.452,1.448,0.691,0.824
271,apple_342.jpg,0.463,1.473,0.679,0.843
272,apple_343.jpg,0.454,1.516,0.660,0.855
273,apple_344.jpg,0.453,1.534,0.652,0.843
274,apple_345.jpg,0.436,1.583,0.632,0.814
275,apple_346.jpg,0.408,1.790,0.559,0.806
276,apple_347.jpg,0.483,1.498,0.668,0.867
277,apple_348.jpg,0.355,1.802,0.555,0.782
278,apple_349.jpg,0.446,1.357,0.737,0.819
279,apple_35.jpg,0.352,2.402,0.416,0.811
280,apple_350.jpg,0.424,1.455,0.687,0.791
281,apple_351.jpg,0.374,1.947,0.514,0.792
282,apple_352.jpg,0.411,1.838,0.544,0.819
283,apple_353.jpg,0.376,2.052,0.487,0.810
284,apple_354.jpg,0.406,1.737,0.576,0.803
285,apple_355.jpg,0.346,2.013,0.497,0.746
286,apple_356.jpg,0.410,1.654,0.604,0.768
287,apple_357.jpg,0.360,1.947,0.514,0.774
288,apple_358.jpg,0.354,1.929,0.518,0.774
289,apple_359.jpg,0.368,1.787,0.559,0.766
290,apple_36.jpg,0.359,2.002,0.499,0.795
291,apple_360.jpg,0.388,1.649,0.606,0.760
292,apple_361.jpg,0.411,1.656,0.604,0.805
293,apple_362.jpg,0.413,1.690,0.592,0.795
294,apple_363.jpg,0.354,1.987,0.503,0.760
295,apple_364.jpg,0.382,1.985,0.504,0.810
296,apple_365.jpg,0.371,2.055,0.487,0.782
297,apple_366.jpg,0.397,1.790,0.559,0.794
298,apple_367.jpg,0.369,1.956,0.511,0.780
299,apple_368.jpg,0.419,1.927,0.519,0.814
300,apple_369.jpg,0.389,2.096,0.477,0.804
301,apple_37.jpg,0.438,1.909,0.524,0.838
302,apple_370.jpg,0.447,1.537,0.651,0.816
303,apple_371.jpg,0.472,1.576,0.635,0.848
304,apple_372.jpg,0.387,1.917,0.522,0.793
305,apple_373.jpg,0.463,1.716,0.583,0.853
306,apple_374.jpg,0.397,1.705,0.586,0.793
307,apple_375.jpg,0.485,1.547,0.646,0.847
308,apple_376.jpg,0.375,2.090,0.479,0.800
309,apple_377.jpg,0.473,1.593,0.628,0.851
310,apple_378.jpg,0.464,1.643,0.608,0.840
311,apple_379.jpg,0.415,1.825,0.548,0.814
312,apple_38.jpg,0.371,2.366,0.423,0.848
313,apple_380.jpg,0.378,1.732,0.577,0.786
314,apple_381.jpg,0.438,1.440,0.694,0.795
315,apple_382.jpg,0.373,1.850,0.540,0.767
316,apple_383.jpg,0.455,1.715,0.583,0.818
317,apple_384.jpg,0.454,1.431,0.699,0.804
318,apple_385.jpg,0.419,1.752,0.571,0.802
319,apple_386.jpg,0.425,1.569,0.637,0.799
320,apple_387.jpg,0.396,1.884,0.531,0.793
321,apple_388.jpg,0.418,1.433,0.698,0.765
322,apple_389.jpg,0.449,1.573,0.636,0.831
323,apple_39.jpg,0.312,2.765,0.362,0.780
324,apple_390.jpg,0.378,1.823,0.549,0.772
325,apple_4.jpg,0.378,1.946,0.514,0.810
326,apple_40.jpg,0.335,2.023,0.494,0.779
327,apple_41.jpg,0.421,1.737,0.576,0.835
328,apple_42.jpg,0.339,2.145,0.466,0.794
329,apple_43.jpg,0.409,1.694,0.590,0.839
330,apple_44.jpg,0.347,1.769,0.565,0.807
331,apple_45.jpg,0.403,1.703,0.587,0.815
332,apple_46.jpg,0.434,1.480,0.676,0.851
333,apple_47.jpg,0.360,1.750,0.571,0.782
334,apple_48.jpg,0.391,1.643,0.609,0.811
335,apple_49.jpg,0.423,1.452,0.688,0.821
336,apple_5.jpg,0.342,2.217,0.451,0.797
337,apple_50.jpg,0.391,1.824,0.548,0.793
338,apple_51.jpg,0.310,2.215,0.451,0.761
339,apple_52.jpg,0.337,1.951,0.513,0.774
340,apple_53.jpg,0.413,1.753,0.570,0.826
341,apple_54.jpg,0.340,2.011,0.497,0.762
342,apple_55.jpg,0.356,2.019,0.495,0.785
343,apple_56.jpg,0.360,2.092,0.478,0.813
344,apple_57.jpg,0.345,2.376,0.421,0.809
345,apple_58.jpg,0.370,1.970,0.508,0.840
346,apple_59.jpg,0.373,1.886,0.530,0.820
347,apple_6.jpg,0.432,1.867,0.536,0.844
348,apple_60.jpg,0.451,1.710,0.585,0.824
349,apple_61.jpg,0.437,1.777,0.563,0.818
350,apple_62.jpg,0.458,1.749,0.572,0.812
351,apple_63.jpg,0.438,1.760,0.568,0.830
352,apple_64.jpg,0.505,1.534,0.652,0.864
353,apple_65.jpg,0.448,1.851,0.540,0.829
354,apple_66.jpg,0.381,2.073,0.482,0.801
355,apple_67.jpg,0.475,1.487,0.672,0.858
356,apple_68.jpg,0.404,2.054,0.487,0.813
357,apple_69.jpg,0.493,1.477,0.677,0.858
358,apple_7.jpg,0.404,1.727,0.579,0.781
359,apple_70.jpg,0.394,2.035,0.491,0.807
360,apple_71.jpg,0.394,1.824,0.548,0.850
361,apple_72.jpg,0.393,1.920,0.521,0.808
362,apple_73.jpg,0.353,2.619,0.382,0.803
363,apple_74.jpg,0.455,1.858,0.538,0.857
364,apple_75.jpg,0.455,1.682,0.594,0.844
365,apple_76.jpg,0.416,2.009,0.498,0.829
366,apple_77.jpg,0.436,1.583,0.632,0.842
367,apple_78.jpg,0.393,2.011,0.497,0.814
368,apple_79.jpg,0.436,1.744,0.574,0.807
369,apple_8.jpg,0.395,1.756,0.569,0.814
370,apple_80.jpg,0.378,1.780,0.562,0.807
371,apple_81.jpg,0.371,1.967,0.508,0.789
372,apple_82.jpg,0.456,1.524,0.656,0.816
373,apple_83.jpg,0.414,2.022,0.495,0.846
374,apple_84.jpg,0.449,1.756,0.570,0.846
375,apple_85.jpg,0.402,1.783,0.561,0.815
376,apple_86.jpg,0.390,1.919,0.521,0.794
377,apple_87.jpg,0.410,1.641,0.609,0.802
378,apple_88.jpg,0.419,1.676,0.597,0.819
379,apple_89.jpg,0.467,1.651,0.606,0.857
380,apple_9.jpg,0.425,2.117,0.472,0.857
381,apple_90.jpg,0.465,1.373,0.728,0.820
382,apple_91.jpg,0.509,1.158,0.863,0.884
383,apple_92.jpg,0.510,1.271,0.787,0.892
384,apple_93.jpg,0.504,1.419,0.705,0.873
385,apple_94.jpg,0.552,1.166,0.858,0.922
386,apple_95.jpg,0.514,1.285,0.778,0.875
387,apple_96.jpg,0.551,1.335,0.749,0.905
388,apple_97.jpg,0.510,1.317,0.759,0.889
389,apple_98.jpg,0.534,1.291,0.774,0.887
390,apple_99.jpg,0.420,1.701,0.588,0.806
391,arabidopsis_1.jpg,0.337,3.655,0.274,0.924
392,arabidopsis_10.jpg,0.345,2.588,0.386,0.859
393,arabidopsis_100.jpg,0.428,1.953,0.512,0.857
394,arabidopsis_101.jpg,0.568,1.935,0.517,0.938
395,arabidopsis_102.jpg,0.526,1.919,0.521,0.910
396,arabidopsis_103.jpg,0.448,2.732,0.366,0.909
397,arabidopsis_104.jpg,0.432,2.537,0.394,0.893
398,arabidopsis_105.jpg,0.473,2.261,0.442,0.906
399,arabidopsis_106.jpg,0.424,2.573,0.389,0.899
400,arabidopsis_107.jpg,0.347,2.564,0.390,0.886
401,arabidopsis_108.jpg,0.433,2.751,0.364,0.926
402,arabidopsis_109.jpg,0.353,3.591,0.278,0.910
403,arabidopsis_11.jpg,0.569,2.162,0.462,0.956
404,arabidopsis_110.jpg,0.377,2.693,0.371,0.921
405,arabidopsis_111.jpg,0.450,2.558,0.391,0.936
406,arabidopsis_112.jpg,0.481,2.625,0.381,0.944
407,arabidopsis_113.jpg,0.513,2.265,0.441,0.949
408,arabidopsis_114.jpg,0.413,2.454,0.407,0.890
409,arabidopsis_115.jpg,0.449,2.677,0.374,0.924
410,arabidopsis_116.jpg,0.386,2.864,0.349,0.891
411,arabidopsis_117.jpg,0.453,2.867,0.349,0.940
412,arabidopsis_118.jpg,0.413,2.332,0.429,0.865
413,arabidopsis_119.jpg,0.435,2.106,0.475,0.943
414,arabidopsis_12.jpg,0.509,2.142,0.467,0.887
415,arabidopsis_120.jpg,0.524,2.318,0.431,0.969
416,arabidopsis_121.jpg,0.390,2.268,0.441,0.870
417,arabidopsis_122.jpg,0.392,2.300,0.435,0.877
418,arabidopsis_123.jpg,0.405,2.511,0.398,0.878
419,arabidopsis_124.jpg,0.441,2.104,0.475,0.866
420,arabidopsis_125.jpg,0.325,3.221,0.310,0.775
421,arabidopsis_126.jpg,0.531,2.358,0.424,0.946
422,arabidopsis_127.jpg,0.417,2.912,0.343,0.962
423,arabidopsis_128.jpg,0.396,2.811,0.356,0.896
424,arabidopsis_129.jpg,0.474,2.501,0.400,0.933
425,arabidopsis_13.jpg,0.361,4.069,0.246,0.905
426,arabidopsis_130.jpg,0.506,2.388,0.419,0.949
427,arabidopsis_131.jpg,0.367,3.262,0.307,0.894
428,arabidopsis_132.jpg,0.332,2.404,0.416,0.864
429,arabidopsis_133.jpg,0.413,2.724,0.367,0.908
430,arabidopsis_134.jpg,0.354,2.769,0.361,0.877
431,arabidopsis_135.jpg,0.450,2.674,0.374,0.951
432,arabidopsis_136.jpg,0.515,2.545,0.393,0.943
433,arabidopsis_137.jpg,0.452,2.437,0.410,0.933
434,arabidopsis_138.jpg,0.447,2.215,0.451,0.899
435,arabidopsis_139.jpg,0.346,3.027,0.330,0.882
436,arabidopsis_14.jpg,0.495,2.492,0.401,0.910
437,arabidopsis_140.jpg,0.426,2.341,0.427,0.905
438,arabidopsis_141.jpg,0.430,2.526,0.396,0.905
439,arabidopsis_142.jpg,0.356,2.458,0.407,0.830
440,arabidopsis_143.jpg,0.440,2.409,0.415,0.912
441,arabidopsis_144.jpg,0.425,3.072,0.325,0.887
442,arabidopsis_145.jpg,0.339,2.882,0.347,0.864
443,arabidopsis_146.jpg,0.317,3.362,0.297,0.886
444,arabidopsis_147.jpg,0.434,2.473,0.404,0.911
445,arabidopsis_148.jpg,0.489,1.814,0.551,0.867
446,arabidopsis_149.jpg,0.274,3.626,0.276,0.793
447,arabidopsis_15.jpg,0.362,3.251,0.308,0.895
448,arabidopsis_150.jpg,0.407,2.626,0.381,0.885
449,arabidopsis_151.jpg,0.410,2.619,0.382,0.904
450,arabidopsis_152.jpg,0.443,2.546,0.393,0.935
451,arabidopsis_153.jpg,0.472,2.809,0.356,0.955
452,arabidopsis_154.jpg,0.575,2.199,0.455,0.964
453,arabidopsis_155.jpg,0.347,2.773,0.361,0.886
454,arabidopsis_156.jpg,0.423,2.594,0.385,0.913
455,arabidopsis_157.jpg,0.396,2.689,0.372,0.906
456,arabidopsis_158.jpg,0.402,2.693,0.371,0.893
457,arabidopsis_159.jpg,0.445,3.258,0.307,0.944
458,arabidopsis_16.jpg,0.332,3.545,0.282,0.880
459,arabidopsis_160.jpg,0.545,2.381,0.420,0.941
460,arabidopsis_161.jpg,0.247,3.698,0.270,0.813
461,arabidopsis_162.jpg,0.310,3.293,0.304,0.873
462,arabidopsis_163.jpg,0.234,2.624,0.381,0.847
463,arabidopsis_164.jpg,0.331,3.734,0.268,0.884
464,arabidopsis_165.jpg,0.219,4.375,0.229,0.809
465,arabidopsis_166.jpg,0.215,3.834,0.261,0.680
466,arabidopsis_167.jpg,0.453,2.371,0.422,0.888
467,arabidopsis_168.jpg,0.200,3.448,0.290,0.578
468,arabidopsis_169.jpg,0.395,3.501,0.286,0.959
469,arabidopsis_17.jpg,0.344,2.978,0.336,0.820
470,arabidopsis_170.jpg,0.436,2.746,0.364,0.912
471,arabidopsis_171.jpg,0.602,2.082,0.480,0.954
472,arabidopsis_172.jpg,0.385,2.436,0.411,0.838
473,arabidopsis_173.jpg,0.429,2.875,0.348,0.943
474,arabidopsis_174.jpg,0.379,3.494,0.286,0.882
475,arabidopsis_175.jpg,0.323,3.072,0.325,0.885
476,arabidopsis_176.jpg,0.176,4.706,0.213,0.595
477,arabidopsis_177.jpg,0.299,2.650,0.377,0.782
478,arabidopsis_178.jpg,0.339,2.700,0.370,0.802
479,arabidopsis_179.jpg,0.409,3.004,0.333,0.900
480,arabidopsis_18.jpg,0.375,3.445,0.290,0.884
481,arabidopsis_180.jpg,0.268,2.850,0.351,0.832
482,arabidopsis_181.jpg,0.232,4.449,0.225,0.807
483,arabidopsis_182.jpg,0.340,2.985,0.335,0.832
484,arabidopsis_183.jpg,0.409,3.252,0.308,0.898
485,arabidopsis_184.jpg,0.418,3.203,0.312,0.921
486,arabidopsis_185.jpg,0.225,3.827,0.261,0.756
487,arabidopsis_186.jpg,0.229,2.941,0.340,0.783
488,arabidopsis_187.jpg,0.281,2.895,0.345,0.788
489,arabidopsis_188.jpg,0.182,3.803,0.263,0.507
490,arabidopsis_189.jpg,0.276,3.724,0.268,0.843
491,arabidopsis_19.jpg,0.343,3.256,0.307,0.856
492,arabidopsis_190.jpg,0.376,3.143,0.318,0.862
493,arabidopsis_191.jpg,0.250,2.857,0.350,0.667
494,arabidopsis_192.jpg,0.201,3.717,0.269,0.657
495,arabidopsis_193.jpg,0.311,2.453,0.408,0.776
496,arabidopsis_194.jpg,0.373,2.700,0.370,0.841
497,arabidopsis_195.jpg,0.247,4.595,0.218,0.763
498,arabidopsis_196.jpg,0.239,4.234,0.236,0.776
499,arabidopsis_197.jpg,0.422,2.742,0.365,0.883
500,arabidopsis_198.jpg,0.203,2.538,0.394,0.761
501,arabidopsis_199.jpg,0.183,4.895,0.204,0.700
502,arabidopsis_2.jpg,0.372,3.157,0.317,0.847
503,arabidopsis_20.jpg,0.225,3.574,0.280,0.824
504,arabidopsis_200.jpg,0.185,4.304,0.232,0.670
505,arabidopsis_201.jpg,0.255,4.175,0.240,0.887
506,arabidopsis_202.jpg,0.313,4.092,0.244,0.875
507,arabidopsis_203.jpg,0.217,3.753,0.266,0.664
508,arabidopsis_204.jpg,0.263,3.235,0.309,0.773
509,arabidopsis_205.jpg,0.256,3.365,0.297,0.845
510,arabidopsis_206.jpg,0.195,3.980,0.251,0.696
511,arabidopsis_207.jpg,0.158,5.029,0.199,0.722
512,arabidopsis_208.jpg,0.226,3.725,0.268,0.745
513,arabidopsis_209.jpg,0.214,4.497,0.222,0.661
514,arabidopsis_21.jpg,0.272,3.548,0.282,0.780
515,arabidopsis_210.jpg,0.248,4.555,0.220,0.795
516,arabidopsis_211.jpg,0.233,4.937,0.203,0.835
517,arabidopsis_212.jpg,0.254,4.870,0.205,0.814
518,arabidopsis_213.jpg,0.319,3.521,0.284,0.862
519,arabidopsis_214.jpg,0.244,5.260,0.190,0.800
520,arabidopsis_215.jpg,0.363,3.192,0.313,0.891
521,arabidopsis_216.jpg,0.287,2.574,0.388,0.733
522,arabidopsis_217.jpg,0.165,5.773,0.173,0.666
523,arabidopsis_218.jpg,0.187,5.019,0.199,0.676
524,arabidopsis_219.jpg,0.200,4.628,0.216,0.750
525,arabidopsis_22.jpg,0.299,3.446,0.290,0.848
526,arabidopsis_220.jpg,0.222,4.115,0.243,0.731
527,arabidopsis_221.jpg,0.261,4.648,0.215,0.773
528,arabidopsis_222.jpg,0.284,3.647,0.274,0.877
529,arabidopsis_223.jpg,0.399,2.945,0.340,0.928
530,arabidopsis_224.jpg,0.170,5.224,0.191,0.653
531,arabidopsis_225.jpg,0.258,4.134,0.242,0.842
532,arabidopsis_226.jpg,0.210,4.239,0.236,0.803
533,arabidopsis_227.jpg,0.316,3.330,0.300,0.848
534,arabidopsis_228.jpg,0.271,2.954,0.339,0.809
535,arabidopsis_229.jpg,0.200,3.818,0.262,0.724
536,arabidopsis_23.jpg,0.410,2.588,0.386,0.868
537,arabidopsis_230.jpg,0.184,4.428,0.226,0.691
538,arabidopsis_231.jpg,0.323,3.157,0.317,0.857
539,arabidopsis_232.jpg,0.324,2.436,0.411,0.819
540,arabidopsis_233.jpg,0.329,2.552,0.392,0.837
541,arabidopsis_234.jpg,0.378,2.063,0.485,0.864
542,arabidopsis_235.jpg,0.452,1.720,0.581,0.812
543,arabidopsis_236.jpg,0.582,1.817,0.550,0.913
544,arabidopsis_237.jpg,0.418,2.665,0.375,0.926
545,arabidopsis_238.jpg,0.379,3.007,0.333,0.937
546,arabidopsis_239.jpg,0.427,1.893,0.528,0.840
547,arabidopsis_24.jpg,0.299,3.797,0.263,0.820
548,arabidopsis_240.jpg,0.434,1.790,0.559,0.824
549,arabidopsis_241.jpg,0.182,4.315,0.232,0.807
550,arabidopsis_242.jpg,0.172,4.439,0.225,0.832
551,arabidopsis_243.jpg,0.293,3.069,0.326,0.864
552,arabidopsis_244.jpg,0.170,3.435,0.291,0.565
553,arabidopsis_245.jpg,0.314,2.721,0.368,0.828
554,arabidopsis_246.jpg,0.306,2.771,0.361,0.827
555,arabidopsis_247.jpg,0.345,2.670,0.375,0.910
556,arabidopsis_248.jpg,0.426,2.005,0.499,0.892
557,arabidopsis_249.jpg,0.194,2.825,0.354,0.604
558,arabidopsis_25.jpg,0.414,2.986,0.335,0.903
559,arabidopsis_250.jpg,0.165,2.929,0.341,0.613
560,arabidopsis_251.jpg,0.381,3.511,0.285,0.939
561,arabidopsis_252.jpg,0.300,4.059,0.246,0.902
562,arabidopsis_253.jpg,0.325,1.763,0.567,0.782
563,arabidopsis_254.jpg,0.408,2.506,0.399,0.933
564,arabidopsis_255.jpg,0.460,1.482,0.675,0.864
565,arabidopsis_256.jpg,0.578,1.487,0.673,0.926
566,arabidopsis_257.jpg,0.238,3.303,0.303,0.787
567,arabidopsis_258.jpg,0.285,3.087,0.324,0.863
568,arabidopsis_259.jpg,0.318,3.091,0.324,0.868
569,arabidopsis_26.jpg,0.404,2.422,0.413,0.842
570,arabidopsis_260.jpg,0.281,2.842,0.352,0.782
571,arabidopsis_261.jpg,0.596,1.524,0.656,0.897
572,arabidopsis_262.jpg,0.576,1.544,0.648,0.937
573,arabidopsis_263.jpg,0.283,3.569,0.280,0.793
574,arabidopsis_264.jpg,0.349,2.490,0.402,0.850
575,arabidopsis_265.jpg,0.290,2.969,0.337,0.885
576,arabidopsis_266.jpg,0.334,3.719,0.269,0.892
577,arabidopsis_267.jpg,0.429,2.545,0.393,0.932
578,arabidopsis_268.jpg,0.258,3.640,0.275,0.699
579,arabidopsis_269.jpg,0.268,3.095,0.323,0.737
580,arabidopsis_27.jpg,0.371,2.281,0.438,0.800
581,arabidopsis_270.jpg,0.303,2.907,0.344,0.899
582,arabidopsis_271.jpg,0.293,3.158,0.317,0.786
583,arabidopsis_272.jpg,0.359,3.127,0.320,0.855
584,arabidopsis_273.jpg,0.279,2.918,0.343,0.849
585,arabidopsis_274.jpg,0.178,3.716,0.269,0.709
586,arabidopsis_275.jpg,0.515,1.628,0.614,0.930
587,arabidopsis_276.jpg,0.506,1.714,0.584,0.855
588,arabidopsis_277.jpg,0.496,2.277,0.439,0.932
589,arabidopsis_278.jpg,0.436,2.304,0.434,0.906
590,arabidopsis_279.jpg,0.316,3.263,0.306,0.903
591,arabidopsis_28.jpg,0.315,2.401,0.416,0.737
592,arabidopsis_280.jpg,0.357,3.577,0.280,0.939
593,arabidopsis_281.jpg,0.269,3.706,0.270,0.773
594,arabidopsis_282.jpg,0.409,2.833,0.353,0.897
595,arabidopsis_283.jpg,0.390,2.301,0.435,0.772
596,arabidopsis_284.jpg,0.488,1.903,0.526,0.860
597,arabidopsis_285.jpg,0.530,1.478,0.677,0.892
598,arabidopsis_286.jpg,0.651,1.371,0.729,0.948
599,arabidopsis_287.jpg,0.542,1.753,0.570,0.883
600,arabidopsis_288.jpg,0.395,2.102,0.476,0.821
601,arabidopsis_289.jpg,0.228,3.251,0.308,0.692
602,arabidopsis_29.jpg,0.340,3.216,0.311,0.904
603,arabidopsis_290.jpg,0.195,4.359,0.229,0.588
604,arabidopsis_291.jpg,0.201,3.900,0.256,0.766
605,arabidopsis_292.jpg,0.252,3.401,0.294,0.738
606,arabidopsis_293.jpg,0.334,3.440,0.291,0.887
607,arabidopsis_294.jpg,0.300,3.137,0.319,0.896
608,arabidopsis_295.jpg,0.370,2.842,0.352,0.928
609,arabidopsis_296.jpg,0.270,4.071,0.246,0.801
610,arabidopsis_297.jpg,0.168,3.768,0.265,0.565
611,arabidopsis_298.jpg,0.217,2.917,0.343,0.709
612,arabidopsis_299.jpg,0.448,2.916,0.343,0.912
613,arabidopsis_3.jpg,0.333,3.449,0.290,0.827
614,arabidopsis_30.jpg,0.506,2.456,0.407,0.915
615,arabidopsis_300.jpg,0.357,2.891,0.346,0.884
616,arabidopsis_301.jpg,0.353,2.048,0.488,0.884
617,arabidopsis_302.jpg,0.340,2.347,0.426,0.873
618,arabidopsis_303.jpg,0.394,2.655,0.377,0.944
619,arabidopsis_304.jpg,0.347,2.877,0.348,0.884
620,arabidopsis_305.jpg,0.206,3.025,0.331,0.675
621,arabidopsis_306.jpg,0.229,4.067,0.246,0.734
622,arabidopsis_307.jpg,0.176,2.918,0.343,0.559
623,arabidopsis_308.jpg,0.216,3.088,0.324,0.748
624,arabidopsis_309.jpg,0.290,3.169,0.316,0.749
625,arabidopsis_31.jpg,0.445,2.674,0.374,0.900
626,arabidopsis_310.jpg,0.232,3.017,0.331,0.787
627,arabidopsis_311.jpg,0.298,3.511,0.285,0.908
628,arabidopsis_312.jpg,0.282,3.901,0.256,0.878
629,arabidopsis_313.jpg,0.165,4.001,0.250,0.714
630,arabidopsis_314.jpg,0.175,3.481,0.287,0.692
631,arabidopsis_315.jpg,0.245,4.870,0.205,0.786
632,arabidopsis_316.jpg,0.189,4.940,0.202,0.744
633,arabidopsis_317.jpg,0.323,3.035,0.329,0.906
634,arabidopsis_318.jpg,0.391,2.700,0.370,0.866
635,arabidopsis_319.jpg,0.396,2.067,0.484,0.840
636,arabidopsis_32.jpg,0.491,2.672,0.374,0.924
637,arabidopsis_320.jpg,0.364,2.179,0.459,0.774
638,arabidopsis_321.jpg,0.123,5.156,0.194,0.498
639,arabidopsis_322.jpg,0.147,4.169,0.240,0.610
640,arabidopsis_323.jpg,0.249,2.434,0.411,0.764
641,arabidopsis_324.jpg,0.217,2.977,0.336,0.801
642,arabidopsis_325.jpg,0.298,3.471,0.288,0.865
643,arabidopsis_326.jpg,0.368,2.851,0.351,0.880
644,arabidopsis_327.jpg,0.362,2.366,0.423,0.824
645,arabidopsis_328.jpg,0.499,1.627,0.615,0.889
646,arabidopsis_329.jpg,0.285,3.947,0.253,0.856
647,arabidopsis_33.jpg,0.546,2.366,0.423,0.965
648,arabidopsis_330.jpg,0.310,2.735,0.366,0.777
649,arabidopsis_331.jpg,0.229,5.044,0.198,0.747
650,arabidopsis_332.jpg,0.244,4.793,0.209,0.804
651,arabidopsis_333.jpg,0.392,2.139,0.468,0.869
652,arabidopsis_334.jpg,0.425,2.535,0.395,0.880
653,arabidopsis_335.jpg,0.370,2.517,0.397,0.910
654,arabidopsis_336.jpg,0.414,2.428,0.412,0.904
655,arabidopsis_337.jpg,0.135,5.204,0.192,0.689
656,arabidopsis_338.jpg,0.108,7.149,0.140,0.706
657,arabidopsis_339.jpg,0.151,3.771,0.265,0.551
658,arabidopsis_34.jpg,0.361,2.862,0.349,0.887
659,arabidopsis_340.jpg,0.245,3.913,0.256,0.744
660,arabidopsis_341.jpg,0.334,2.929,0.341,0.890
661,arabidopsis_342.jpg,0.300,2.871,0.348,0.908
662,arabidopsis_343.jpg,0.263,2.605,0.384,0.874
663,arabidopsis_344.jpg,0.394,2.709,0.369,0.942
664,arabidopsis_345.jpg,0.317,3.040,0.329,0.855
665,arabidopsis_346.jpg,0.222,2.868,0.349,0.704
666,arabidopsis_347.jpg,0.258,3.413,0.293,0.720
667,arabidopsis_348.jpg,0.171,3.314,0.302,0.681
668,arabidopsis_349.jpg,0.298,2.459,0.407,0.894
669,arabidopsis_35.jpg,0.277,3.493,0.286,0.794
670,arabidopsis_350.jpg,0.407,2.049,0.488,0.905
671,arabidopsis_351.jpg,0.364,1.988,0.503,0.808
672,arabidopsis_352.jpg,0.526,1.872,0.534,0.906
673,arabidopsis_353.jpg,0.256,2.561,0.391,0.693
674,arabidopsis_354.jpg,0.193,3.283,0.305,0.577
675,arabidopsis_355.jpg,0.242,2.669,0.375,0.744
676,arabidopsis_356.jpg,0.227,3.613,0.277,0.673
677,arabidopsis_357.jpg,0.470,2.886,0.347,0.942
678,arabidopsis_358.jpg,0.372,3.086,0.324,0.878
679,arabidopsis_359.jpg,0.337,1.821,0.549,0.818
680,arabidopsis_36.jpg,0.303,3.715,0.269,0.829
681,arabidopsis_360.jpg,0.531,1.764,0.567,0.922
682,arabidopsis_361.jpg,0.178,4.460,0.224,0.626
683,arabidopsis_362.jpg,0.228,3.869,0.258,0.804
684,arabidopsis_363.jpg,0.256,4.494,0.223,0.829
685,arabidopsis_364.jpg,0.243,3.867,0.259,0.805
686,arabidopsis_365.jpg,0.461,2.789,0.359,0.908
687,arabidopsis_366.jpg,0.365,2.501,0.400,0.839
688,arabidopsis_367.jpg,0.381,2.664,0.375,0.927
689,arabidopsis_368.jpg,0.440,2.850,0.351,0.948
690,arabidopsis_369.jpg,0.119,4.231,0.236,0.602
691,arabidopsis_37.jpg,0.351,3.321,0.301,0.861
692,arabidopsis_370.jpg,0.129,5.020,0.199,0.609
693,arabidopsis_371.jpg,0.159,4.850,0.206,0.654
694,arabidopsis_372.jpg,0.257,2.515,0.398,0.706
695,arabidopsis_373.jpg,0.342,3.129,0.320,0.886
696,arabidopsis_374.jpg,0.294,3.463,0.289,0.935
697,arabidopsis_375.jpg,0.313,3.817,0.262,0.924
698,arabidopsis_376.jpg,0.287,3.713,0.269,0.844
699,arabidopsis_377.jpg,0.222,2.973,0.336,0.593
700,arabidopsis_378.jpg,0.274,2.295,0.436,0.743
701,arabidopsis_379.jpg,0.344,2.676,0.374,0.759
702,arabidopsis_38.jpg,0.358,2.924,0.342,0.900
703,arabidopsis_380.jpg,0.207,1.607,0.622,0.547
704,arabidopsis_381.jpg,0.284,2.842,0.352,0.849
705,arabidopsis_382.jpg,0.256,3.551,0.282,0.842
706,arabidopsis_383.jpg,0.317,2.770,0.361,0.805
707,arabidopsis_384.jpg,0.407,1.992,0.502,0.861
708,arabidopsis_385.jpg,0.200,3.557,0.281,0.810
709,arabidopsis_386.jpg,0.197,2.660,0.376,0.724
710,arabidopsis_387.jpg,0.382,2.323,0.431,0.892
711,arabidopsis_388.jpg,0.384,2.637,0.379,0.858
712,arabidopsis_389.jpg,0.450,2.283,0.438,0.887
713,arabidopsis_39.jpg,0.438,1.988,0.503,0.887
714,arabidopsis_390.jpg,0.416,2.204,0.454,0.856
715,arabidopsis_4.jpg,0.369,3.256,0.307,0.903
716,arabidopsis_40.jpg,0.476,2.086,0.479,0.915
717,arabidopsis_41.jpg,0.434,2.215,0.451,0.922
718,arabidopsis_42.jpg,0.483,2.483,0.403,0.924
719,arabidopsis_43.jpg,0.364,3.087,0.324,0.878
720,arabidopsis_44.jpg,0.350,2.614,0.383,0.848
721,arabidopsis_45.jpg,0.409,2.616,0.382,0.917
722,arabidopsis_46.jpg,0.401,2.354,0.425,0.885
723,arabidopsis_47.jpg,0.233,1.843,0.543,0.873
724,arabidopsis_48.jpg,0.507,2.204,0.454,0.937
725,arabidopsis_49.jpg,0.473,2.432,0.411,0.909
726,arabidopsis_5.jpg,0.481,2.092,0.478,0.887
727,arabidopsis_50.jpg,0.435,2.436,0.410,0.881
728,arabidopsis_51.jpg,0.382,2.929,0.341,0.925
729,arabidopsis_52.jpg,0.321,3.043,0.329,0.874
730,arabidopsis_53.jpg,0.401,2.406,0.416,0.871
731,arabidopsis_54.jpg,0.412,2.501,0.400,0.869
732,arabidopsis_55.jpg,0.350,3.129,0.320,0.880
733,arabidopsis_56.jpg,0.380,3.091,0.323,0.906
734,arabidopsis_57.jpg,0.370,3.177,0.315,0.935
735,arabidopsis_58.jpg,0.327,3.024,0.331,0.810
736,arabidopsis_59.jpg,0.539,2.150,0.465,0.942
737,arabidopsis_6.jpg,0.505,2.304,0.434,0.935
738,arabidopsis_60.jpg,0.401,2.246,0.445,0.867
739,arabidopsis_61.jpg,0.441,2.130,0.469,0.867
740,arabidopsis_62.jpg,0.463,2.397,0.417,0.907
741,arabidopsis_63.jpg,0.438,2.438,0.410,0.907
742,arabidopsis_64.jpg,0.395,2.342,0.427,0.848
743,arabidopsis_65.jpg,0.469,2.377,0.421,0.912
744,arabidopsis_66.jpg,0.434,3.001,0.333,0.936
745,arabidopsis_67.jpg,0.376,2.780,0.360,0.879
746,arabidopsis_68.jpg,0.509,2.369,0.422,0.932
747,arabidopsis_69.jpg,0.359,2.852,0.351,0.922
748,arabidopsis_7.jpg,0.402,2.474,0.404,0.859
749,arabidopsis_70.jpg,0.427,2.471,0.405,0.891
750,arabidopsis_71.jpg,0.351,2.696,0.371,0.883
751,arabidopsis_72.jpg,0.366,2.355,0.425,0.792
752,arabidopsis_73.jpg,0.322,3.407,0.294,0.841
753,arabidopsis_74.jpg,0.389,2.866,0.349,0.923
754,arabidopsis_75.jpg,0.334,3.239,0.309,0.879
755,arabidopsis_76.jpg,0.462,2.532,0.395,0.947
756,arabidopsis_77.jpg,0.540,2.228,0.449,0.953
757,arabidopsis_78.jpg,0.418,2.601,0.384,0.883
758,arabidopsis_79.jpg,0.420,2.551,0.392,0.879
759,arabidopsis_8.jpg,0.421,2.388,0.419,0.870
760,arabidopsis_80.jpg,0.375,3.054,0.327,0.880
761,arabidopsis_81.jpg,0.457,1.961,0.510,0.864
762,arabidopsis_82.jpg,0.456,2.239,0.447,0.894
763,arabidopsis_83.jpg,0.407,2.927,0.342,0.919
764,arabidopsis_84.jpg,0.456,2.254,0.444,0.903
765,arabidopsis_85.jpg,0.364,3.394,0.295,0.878
766,arabidopsis_86.jpg,0.427,2.998,0.334,0.916
767,arabidopsis_87.jpg,0.339,2.983,0.335,0.852
768,arabidopsis_88.jpg,0.410,2.888,0.346,0.892
769,arabidopsis_89.jpg,0.368,2.607,0.384,0.819
770,arabidopsis_9.jpg,0.360,2.755,0.363,0.854
771,arabidopsis_90.jpg,0.264,3.987,0.251,0.788
772,arabidopsis_91.jpg,0.474,2.671,0.374,0.937
773,arabidopsis_92.jpg,0.295,3.509,0.285,0.771
774,arabidopsis_93.jpg,0.434,2.789,0.359,0.936
775,arabidopsis_94.jpg,0.463,2.675,0.374,0.934
776,arabidopsis_95.jpg,0.356,3.456,0.289,0.913
777,arabidopsis_96.jpg,0.454,3.186,0.314,0.953
778,arabidopsis_97.jpg,0.333,3.571,0.280,0.794
779,arabidopsis_98.jpg,0.370,3.203,0.312,0.876
780,arabidopsis_99.jpg,0.434,2.801,0.357,0.928
781,grape_1.jpg,0.275,1.123,0.890,0.767
782,grape_10.jpg,0.268,1.172,0.854,0.779
783,grape_100.jpg,0.274,1.156,0.865,0.752
784,grape_101.jpg,0.297,1.229,0.814,0.828
785,grape_102.jpg,0.311,1.152,0.868,0.815
786,grape_103.jpg,0.295,1.170,0.855,0.822
787,grape_104.jpg,0.295,1.079,0.927,0.814
788,grape_105.jpg,0.323,1.103,0.907,0.812
789,grape_106.jpg,0.258,1.215,0.823,0.786
790,grape_107.jpg,0.256,1.075,0.931,0.793
791,grape_108.jpg,0.238,1.140,0.877,0.781
792,grape_109.jpg,0.279,1.185,0.844,0.792
793,grape_11.jpg,0.250,1.331,0.751,0.786
794,grape_110.jpg,0.261,1.186,0.843,0.778
795,grape_111.jpg,0.272,1.115,0.897,0.788
796,grape_112.jpg,0.260,1.201,0.833,0.787
797,grape_113.jpg,0.269,1.111,0.900,0.794
798,grape_114.jpg,0.282,1.179,0.848,0.811
799,grape_115.jpg,0.253,1.055,0.947,0.826
800,grape_116.jpg,0.220,1.171,0.854,0.773
801,grape_117.jpg,0.263,1.276,0.784,0.815
802,grape_118.jpg,0.305,1.122,0.891,0.832
803,grape_119.jpg,0.252,1.177,0.849,0.766
804,grape_12.jpg,0.248,1.196,0.836,0.784
805,grape_120.jpg,0.217,1.078,0.928,0.749
806,grape_121.jpg,0.246,1.172,0.853,0.765
807,grape_122.jpg,0.234,1.084,0.923,0.759
808,grape_123.jpg,0.253,1.199,0.834,0.786
809,grape_124.jpg,0.242,1.188,0.841,0.756
810,grape_125.jpg,0.294,1.143,0.875,0.801
811,grape_126.jpg,0.254,1.246,0.803,0.803
812,grape_127.jpg,0.286,1.085,0.921,0.804
813,grape_128.jpg,0.260,1.175,0.851,0.785
814,grape_129.jpg,0.282,1.145,0.874,0.816
815,grape_13.jpg,0.292,1.200,0.833,0.796
816,grape_130.jpg,0.265,1.100,0.909,0.805
817,grape_131.jpg,0.223,1.185,0.844,0.772
818,grape_132.jpg,0.252,1.174,0.852,0.775
819,grape_133.jpg,0.291,1.145,0.873,0.818
820,grape_134.jpg,0.271,1.200,0.833,0.802
821,grape_135.jpg,0.249,1.127,0.887,0.814
822,grape_136.jpg,0.225,1.226,0.816,0.800
823,grape_137.jpg,0.264,1.156,0.865,0.772
824,grape_138.jpg,0.284,1.229,0.814,0.808
825,grape_139.jpg,0.268,1.152,0.868,0.798
826,grape_14.jpg,0.312,1.138,0.879,0.799
827,grape_140.jpg,0.283,1.191,0.840,0.774
828,grape_141.jpg,0.294,1.154,0.866,0.787
829,grape_142.jpg,0.295,1.277,0.783,0.782
830,grape_143.jpg,0.300,1.097,0.912,0.821
831,grape_144.jpg,0.297,1.117,0.895,0.804
832,grape_145.jpg,0.345,1.232,0.811,0.830
833,grape_146.jpg,0.345,1.382,0.724,0.845
834,grape_147.jpg,0.269,1.113,0.898,0.785
835,grape_148.jpg,0.270,1.132,0.884,0.798
836,grape_149.jpg,0.305,1.237,0.809,0.819
837,grape_15.jpg,0.237,1.149,0.870,0.761
838,grape_150.jpg,0.242,1.152,0.868,0.777
839,grape_151.jpg,0.267,1.123,0.890,0.795
840,grape_152.jpg,0.264,1.218,0.821,0.792
841,grape_153.jpg,0.259,1.167,0.857,0.783
842,grape_154.jpg,0.300,1.221,0.819,0.815
843,grape_155.jpg,0.256,1.181,0.847,0.780
844,grape_156.jpg,0.240,1.185,0.844,0.745
845,grape_157.jpg,0.281,1.171,0.854,0.800
846,grape_158.jpg,0.289,1.198,0.834,0.789
847,grape_159.jpg,0.213,1.107,0.904,0.794
848,grape_16.jpg,0.261,1.154,0.867,0.766
849,grape_160.jpg,0.237,1.243,0.805,0.781
850,grape_161.jpg,0.236,1.106,0.904,0.770
851,grape_162.jpg,0.241,1.199,0.834,0.790
852,grape_163.jpg,0.246,1.084,0.923,0.785
853,grape_164.jpg,0.216,1.216,0.822,0.758
854,grape_165.jpg,0.276,1.219,0.820,0.804
855,grape_166.jpg,0.306,1.151,0.869,0.803
856,grape_167.jpg,0.289,1.229,0.814,0.824
857,grape_168.jpg,0.310,1.153,0.867,0.786
858,grape_169.jpg,0.295,1.162,0.861,0.799
859,grape_17.jpg,0.254,1.151,0.869,0.783
860,grape_170.jpg,0.279,1.074,0.931,0.798
861,grape_171.jpg,0.269,1.178,0.849,0.775
862,grape_172.jpg,0.321,1.234,0.810,0.811
863,grape_173.jpg,0.296,1.202,0.832,0.781
864,grape_174.jpg,0.270,1.067,0.937,0.775
865,grape_175.jpg,0.310,1.211,0.826,0.806
866,grape_176.jpg,0.264,1.172,0.853,0.773
867,grape_177.jpg,0.260,1.136,0.881,0.777
868,grape_178.jpg,0.284,1.049,0.953,0.815
869,grape_179.jpg,0.273,1.055,0.948,0.793
870,grape_18.jpg,0.261,1.239,0.807,0.774
871,grape_180.jpg,0.274,1.209,0.827,0.787
872,grape_181.jpg,0.242,1.089,0.918,0.763
873,grape_182.jpg,0.249,1.224,0.817,0.748
874,grape_183.jpg,0.250,1.117,0.895,0.761
875,grape_184.jpg,0.244,1.255,0.797,0.746
876,grape_185.jpg,0.263,1.208,0.828,0.791
877,grape_186.jpg,0.277,1.141,0.877,0.788
878,grape_187.jpg,0.275,1.113,0.898,0.822
879,grape_188.jpg,0.271,1.181,0.847,0.794
880,grape_189.jpg,0.284,1.119,0.894,0.809
881,grape_19.jpg,0.281,1.232,0.811,0.838
882,grape_190.jpg,0.230,1.212,0.825,0.769
883,grape_191.jpg,0.274,1.194,0.837,0.787
884,grape_192.jpg,0.276,1.177,0.849,0.784
885,grape_193.jpg,0.295,1.116,0.896,0.781
886,grape_194.jpg,0.252,1.135,0.881,0.766
887,grape_195.jpg,0.270,1.096,0.912,0.807
888,grape_196.jpg,0.266,1.158,0.864,0.788
889,grape_197.jpg,0.244,1.085,0.921,0.777
890,grape_198.jpg,0.261,1.186,0.843,0.781
891,grape_199.jpg,0.273,1.103,0.907,0.785
892,grape_2.jpg,0.268,1.129,0.886,0.800
893,grape_20.jpg,0.255,1.094,0.914,0.773
894,grape_200.jpg,0.291,1.239,0.807,0.822
895,grape_201.jpg,0.227,1.156,0.865,0.760
896,grape_202.jpg,0.243,1.255,0.797,0.798
897,grape_203.jpg,0.269,1.097,0.912,0.806
898,grape_204.jpg,0.271,1.158,0.864,0.791
899,grape_205.jpg,0.251,1.185,0.844,0.772
900,grape_206.jpg,0.234,1.067,0.937,0.813
901,grape_207.jpg,0.299,1.149,0.870,0.825
902,grape_208.jpg,0.264,1.175,0.851,0.808
903,grape_209.jpg,0.270,1.149,0.870,0.782
904,grape_21.jpg,0.235,1.185,0.844,0.767
905,grape_210.jpg,0.275,1.157,0.864,0.771
906,grape_211.jpg,0.313,1.354,0.739,0.822
907,grape_212.jpg,0.303,1.111,0.900,0.782
908,grape_213.jpg,0.250,1.152,0.868,0.751
909,grape_214.jpg,0.266,1.204,0.830,0.776
910,grape_215.jpg,0.253,1.116,0.896,0.781
911,grape_216.jpg,0.336,1.224,0.817,0.826
912,grape_217.jpg,0.253,1.140,0.877,0.796
913,grape_218.jpg,0.250,1.018,0.982,0.793
914,grape_219.jpg,0.269,1.188,0.841,0.776
915,grape_22.jpg,0.218,1.142,0.876,0.793
916,grape_220.jpg,0.277,1.039,0.962,0.795
917,grape_221.jpg,0.251,1.187,0.842,0.783
918,grape_222.jpg,0.226,1.149,0.870,0.763
919,grape_223.jpg,0.267,1.293,0.774,0.800
920,grape_224.jpg,0.266,1.114,0.898,0.781
921,grape_225.jpg,0.246,1.228,0.814,0.780
922,grape_226.jpg,0.257,1.113,0.898,0.759
923,grape_227.jpg,0.318,1.249,0.801,0.802
924,grape_228.jpg,0.274,1.197,0.835,0.790
925,grape_229.jpg,0.241,1.095,0.913,0.787
926,grape_23.jpg,0.250,1.199,0.834,0.778
927,grape_230.jpg,0.236,1.156,0.865,0.772
928,grape_231.jpg,0.284,1.144,0.874,0.812
929,grape_232.jpg,0.287,1.128,0.886,0.801
930,grape_233.jpg,0.260,1.181,0.847,0.775
931,grape_234.jpg,0.260,1.157,0.864,0.798
932,grape_235.jpg,0.263,1.064,0.940,0.805
933,grape_236.jpg,0.280,1.287,0.777,0.822
934,grape_237.jpg,0.272,1.183,0.846,0.794
935,grape_238.jpg,0.277,1.234,0.810,0.797
936,grape_239.jpg,0.277,1.116,0.896,0.815
937,grape_24.jpg,0.254,1.056,0.947,0.796
938,grape_240.jpg,0.284,1.160,0.862,0.792
939,grape_241.jpg,0.271,1.254,0.797,0.810
940,grape_242.jpg,0.295,1.139,0.878,0.807
941,grape_243.jpg,0.273,1.286,0.777,0.802
942,grape_244.jpg,0.265,1.200,0.834,0.791
943,grape_245.jpg,0.276,1.153,0.867,0.800
944,grape_246.jpg,0.278,1.305,0.766,0.789
945,grape_247.jpg,0.247,1.174,0.852,0.767
946,grape_248.jpg,0.251,1.155,0.866,0.776
947,grape_249.jpg,0.286,1.194,0.838,0.789
948,grape_25.jpg,0.249,1.220,0.820,0.792
949,grape_250.jpg,0.266,1.186,0.843,0.798
950,grape_251.jpg,0.275,1.101,0.909,0.777
951,grape_252.jpg,0.255,1.116,0.896,0.797
952,grape_253.jpg,0.255,1.292,0.774,0.768
953,grape_254.jpg,0.279,1.194,0.838,0.760
954,grape_255.jpg,0.252,1.110,0.901,0.798
955,grape_256.jpg,0.230,1.234,0.810,0.775
956,grape_257.jpg,0.296,1.188,0.842,0.788
957,grape_258.jpg,0.261,1.252,0.799,0.762
958,grape_259.jpg,0.356,1.171,0.854,0.851
959,grape_26.jpg,0.235,1.187,0.843,0.770
960,grape_260.jpg,0.397,1.197,0.836,0.830
961,grape_261.jpg,0.284,1.153,0.867,0.809
962,grape_262.jpg,0.283,1.148,0.871,0.802
963,grape_263.jpg,0.311,1.227,0.815,0.827
964,grape_264.jpg,0.294,1.166,0.858,0.816
965,grape_265.jpg,0.319,1.271,0.787,0.799
966,grape_266.jpg,0.365,1.205,0.830,0.844
967,grape_267.jpg,0.291,1.170,0.854,0.810
968,grape_268.jpg,0.282,1.186,0.843,0.826
969,grape_269.jpg,0.257,1.171,0.854,0.782
970,grape_27.jpg,0.241,1.095,0.914,0.787
971,grape_270.jpg,0.290,1.165,0.859,0.823
972,grape_271.jpg,0.270,1.224,0.817,0.777
973,grape_272.jpg,0.302,1.050,0.953,0.814
974,grape_273.jpg,0.280,1.169,0.856,0.792
975,grape_274.jpg,0.281,1.124,0.890,0.792
976,grape_275.jpg,0.246,1.207,0.828,0.781
977,grape_276.jpg,0.244,1.073,0.932,0.778
978,grape_277.jpg,0.299,1.229,0.813,0.788
979,grape_278.jpg,0.273,1.107,0.903,0.804
980,grape_279.jpg,0.305,1.195,0.837,0.821
981,grape_28.jpg,0.257,1.172,0.853,0.793
982,grape_280.jpg,0.266,1.192,0.839,0.788
983,grape_281.jpg,0.261,1.228,0.814,0.770
984,grape_282.jpg,0.241,1.120,0.893,0.772
985,grape_283.jpg,0.283,1.204,0.830,0.770
986,grape_284.jpg,0.280,1.276,0.784,0.775
987,grape_285.jpg,0.293,1.158,0.863,0.770
988,grape_286.jpg,0.315,1.202,0.832,0.806
989,grape_287.jpg,0.273,1.270,0.787,0.793
990,grape_288.jpg,0.262,1.139,0.878,0.783
991,grape_289.jpg,0.240,1.130,0.885,0.790
992,grape_29.jpg,0.245,1.065,0.939,0.788
993,grape_290.jpg,0.276,1.102,0.907,0.783
994,grape_291.jpg,0.251,1.156,0.865,0.768
995,grape_292.jpg,0.266,1.090,0.917,0.793
996,grape_293.jpg,0.237,1.192,0.839,0.766
997,grape_294.jpg,0.250,1.111,0.900,0.779
998,grape_295.jpg,0.266,1.184,0.845,0.778
999,grape_296.jpg,0.289,1.068,0.936,0.814
1000,grape_297.jpg,0.276,1.172,0.853,0.807
1001,grape_298.jpg,0.323,1.158,0.863,0.816
1002,grape_299.jpg,0.252,1.184,0.845,0.764
1003,grape_3.jpg,0.280,1.144,0.874,0.768
1004,grape_30.jpg,0.265,1.149,0.870,0.815
1005,grape_300.jpg,0.279,1.064,0.940,0.816
1006,grape_301.jpg,0.266,1.155,0.866,0.800
1007,grape_302.jpg,0.284,1.134,0.882,0.809
1008,grape_303.jpg,0.272,1.235,0.810,0.787
1009,grape_304.jpg,0.262,1.060,0.943,0.838
1010,grape_305.jpg,0.286,1.227,0.815,0.830
1011,grape_306.jpg,0.301,1.336,0.749,0.816
1012,grape_307.jpg,0.241,1.082,0.924,0.776
1013,grape_308.jpg,0.261,1.145,0.873,0.787
1014,grape_309.jpg,0.254,1.035,0.966,0.804
1015,grape_31.jpg,0.287,1.218,0.821,0.808
1016,grape_310.jpg,0.279,1.161,0.862,0.808
1017,grape_311.jpg,0.235,1.110,0.901,0.770
1018,grape_312.jpg,0.237,1.075,0.930,0.765
1019,grape_313.jpg,0.240,1.179,0.848,0.758
1020,grape_314.jpg,0.246,1.127,0.887,0.770
1021,grape_315.jpg,0.215,1.161,0.861,0.778
1022,grape_316.jpg,0.241,1.116,0.896,0.754
1023,grape_317.jpg,0.241,1.056,0.947,0.768
1024,grape_318.jpg,0.270,1.307,0.765,0.750
1025,grape_319.jpg,0.241,1.126,0.888,0.767
1026,grape_32.jpg,0.250,1.170,0.854,0.782
1027,grape_320.jpg,0.282,1.156,0.865,0.787
1028,grape_321.jpg,0.262,1.236,0.809,0.799
1029,grape_322.jpg,0.296,1.306,0.766,0.812
1030,grape_323.jpg,0.272,1.291,0.775,0.778
1031,grape_324.jpg,0.261,1.239,0.807,0.768
1032,grape_325.jpg,0.249,1.225,0.817,0.778
1033,grape_326.jpg,0.257,1.110,0.901,0.774
1034,grape_327.jpg,0.267,1.126,0.888,0.790
1035,grape_328.jpg,0.243,1.064,0.939,0.774
1036,grape_329.jpg,0.258,1.170,0.855,0.787
1037,grape_33.jpg,0.243,1.248,0.801,0.766
1038,grape_330.jpg,0.260,1.195,0.837,0.796
1039,grape_331.jpg,0.271,1.153,0.868,0.785
1040,grape_332.jpg,0.274,1.183,0.845,0.781
1041,grape_333.jpg,0.279,1.201,0.833,0.782
1042,grape_334.jpg,0.231,1.130,0.885,0.778
1043,grape_335.jpg,0.274,1.238,0.808,0.750
1044,grape_336.jpg,0.267,1.059,0.944,0.785
1045,grape_337.jpg,0.279,1.298,0.770,0.800
1046,grape_338.jpg,0.276,1.161,0.861,0.781
1047,grape_339.jpg,0.268,1.199,0.834,0.752
1048,grape_34.jpg,0.226,1.130,0.885,0.787
1049,grape_340.jpg,0.286,1.130,0.885,0.792
1050,grape_341.jpg,0.296,1.109,0.902,0.789
1051,grape_342.jpg,0.297,1.161,0.861,0.811
1052,grape_343.jpg,0.269,1.185,0.844,0.804
1053,grape_344.jpg,0.254,1.175,0.851,0.769
1054,grape_345.jpg,0.274,1.183,0.845,0.799
1055,grape_346.jpg,0.273,1.234,0.811,0.791
1056,grape_347.jpg,0.254,1.224,0.817,0.768
1057,grape_348.jpg,0.241,1.152,0.868,0.778
1058,grape_349.jpg,0.229,1.165,0.859,0.765
1059,grape_35.jpg,0.288,1.117,0.896,0.798
1060,grape_350.jpg,0.251,1.204,0.831,0.762
1061,grape_351.jpg,0.243,1.195,0.837,0.771
1062,grape_352.jpg,0.250,1.116,0.896,0.796
1063,grape_353.jpg,0.262,1.257,0.795,0.766
1064,grape_354.jpg,0.268,1.195,0.837,0.774
1065,grape_355.jpg,0.270,1.105,0.905,0.765
1066,grape_356.jpg,0.257,1.111,0.900,0.756
1067,grape_357.jpg,0.262,1.260,0.794,0.774
1068,grape_358.jpg,0.255,1.118,0.895,0.776
1069,grape_359.jpg,0.290,1.132,0.884,0.768
1070,grape_36.jpg,0.270,1.162,0.860,0.804
1071,grape_360.jpg,0.260,1.116,0.896,0.814
1072,grape_361.jpg,0.276,1.202,0.832,0.784
1073,grape_362.jpg,0.257,1.157,0.864,0.817
1074,grape_363.jpg,0.261,1.084,0.923,0.781
1075,grape_364.jpg,0.267,1.256,0.796,0.773
1076,grape_365.jpg,0.278,1.160,0.862,0.786
1077,grape_366.jpg,0.279,1.236,0.809,0.840
1078,grape_367.jpg,0.297,1.225,0.817,0.836
1079,grape_368.jpg,0.309,1.266,0.790,0.862
1080,grape_369.jpg,0.290,1.148,0.871,0.835
1081,grape_37.jpg,0.263,1.212,0.825,0.765
1082,grape_370.jpg,0.295,1.120,0.893,0.840
1083,grape_371.jpg,0.301,1.127,0.887,0.837
1084,grape_372.jpg,0.254,1.175,0.851,0.789
1085,grape_373.jpg,0.362,1.282,0.780,0.847
1086,grape_374.jpg,0.303,1.189,0.841,0.823
1087,grape_375.jpg,0.285,1.231,0.812,0.806
1088,grape_376.jpg,0.296,1.243,0.805,0.828
1089,grape_377.jpg,0.322,1.115,0.897,0.836
1090,grape_378.jpg,0.307,1.196,0.836,0.794
1091,grape_379.jpg,0.294,1.224,0.817,0.838
1092,grape_38.jpg,0.269,1.116,0.896,0.797
1093,grape_380.jpg,0.277,1.231,0.812,0.812
1094,grape_381.jpg,0.290,1.067,0.937,0.831
1095,grape_382.jpg,0.279,1.152,0.868,0.789
1096,grape_383.jpg,0.228,1.161,0.861,0.779
1097,grape_384.jpg,0.261,1.240,0.807,0.778
1098,grape_385.jpg,0.262,1.135,0.881,0.793
1099,grape_386.jpg,0.257,1.193,0.838,0.768
1100,grape_387.jpg,0.302,1.256,0.796,0.802
1101,grape_388.jpg,0.285,1.173,0.852,0.781
1102,grape_389.jpg,0.313,1.230,0.813,0.823
1103,grape_39.jpg,0.264,1.176,0.851,0.805
1104,grape_390.jpg,0.266,1.240,0.806,0.795
1105,grape_4.jpg,0.263,1.261,0.793,0.791
1106,grape_40.jpg,0.276,1.164,0.859,0.795
1107,grape_41.jpg,0.235,1.201,0.832,0.769
1108,grape_42.jpg,0.225,1.179,0.848,0.766
1109,grape_43.jpg,0.251,1.281,0.781,0.781
1110,grape_44.jpg,0.280,1.207,0.829,0.822
1111,grape_45.jpg,0.240,1.110,0.901,0.780
1112,grape_46.jpg,0.222,1.186,0.843,0.776
1113,grape_47.jpg,0.271,1.285,0.778,0.783
1114,grape_48.jpg,0.256,1.217,0.822,0.781
1115,grape_49.jpg,0.276,1.096,0.912,0.794
1116,grape_5.jpg,0.288,1.070,0.935,0.800
1117,grape_50.jpg,0.231,1.239,0.807,0.754
1118,grape_51.jpg,0.283,1.167,0.857,0.806
1119,grape_52.jpg,0.320,1.241,0.806,0.801
1120,grape_53.jpg,0.325,1.255,0.797,0.840
1121,grape_54.jpg,0.350,1.227,0.815,0.825
1122,grape_55.jpg,0.273,1.240,0.807,0.783
1123,grape_56.jpg,0.235,1.241,0.806,0.801
1124,grape_57.jpg,0.258,1.187,0.843,0.785
1125,grape_58.jpg,0.257,1.172,0.853,0.777
1126,grape_59.jpg,0.314,1.276,0.783,0.809
1127,grape_6.jpg,0.264,1.241,0.806,0.773
1128,grape_60.jpg,0.300,1.210,0.827,0.789
1129,grape_61.jpg,0.252,1.177,0.849,0.788
1130,grape_62.jpg,0.225,1.227,0.815,0.739
1131,grape_63.jpg,0.275,1.127,0.887,0.795
1132,grape_64.jpg,0.286,1.172,0.853,0.783
1133,grape_65.jpg,0.255,1.229,0.813,0.758
1134,grape_66.jpg,0.233,1.247,0.802,0.774
1135,grape_67.jpg,0.287,1.168,0.856,0.818
1136,grape_68.jpg,0.341,1.271,0.787,0.829
1137,grape_69.jpg,0.274,1.205,0.830,0.794
1138,grape_7.jpg,0.295,1.223,0.817,0.792
1139,grape_70.jpg,0.265,1.141,0.876,0.764
1140,grape_71.jpg,0.271,1.204,0.830,0.805
1141,grape_72.jpg,0.255,1.158,0.864,0.783
1142,grape_73.jpg,0.269,1.134,0.882,0.776
1143,grape_74.jpg,0.270,1.138,0.879,0.770
1144,grape_75.jpg,0.274,1.148,0.871,0.731
1145,grape_76.jpg,0.318,1.243,0.804,0.801
1146,grape_77.jpg,0.278,1.262,0.792,0.756
1147,grape_78.jpg,0.292,1.168,0.856,0.781
1148,grape_79.jpg,0.262,1.205,0.830,0.750
1149,grape_8.jpg,0.302,1.205,0.830,0.807
1150,grape_80.jpg,0.263,1.287,0.777,0.770
1151,grape_81.jpg,0.244,1.233,0.811,0.768
1152,grape_82.jpg,0.243,1.107,0.903,0.786
1153,grape_83.jpg,0.288,1.211,0.826,0.795
1154,grape_84.jpg,0.239,1.135,0.881,0.793
1155,grape_85.jpg,0.272,1.192,0.839,0.788
1156,grape_86.jpg,0.256,1.148,0.871,0.794
1157,grape_87.jpg,0.232,1.213,0.824,0.767
1158,grape_88.jpg,0.237,1.113,0.898,0.781
1159,grape_89.jpg,0.260,1.173,0.853,0.787
1160,grape_9.jpg,0.273,1.179,0.848,0.778
1161,grape_90.jpg,0.269,1.118,0.894,0.798
1162,grape_91.jpg,0.247,1.254,0.798,0.763
1163,grape_92.jpg,0.273,1.193,0.838,0.784
1164,grape_93.jpg,0.264,1.167,0.857,0.798
1165,grape_94.jpg,0.261,1.161,0.861,0.801
1166,grape_95.jpg,0.268,1.174,0.852,0.781
1167,grape_96.jpg,0.260,1.215,0.823,0.768
1168,grape_97.jpg,0.276,1.197,0.836,0.818
1169,grape_98.jpg,0.244,1.173,0.853,0.743
1170,grape_99.jpg,0.320,1.224,0.817,0.835
1171,poaceae_1.jpg,0.297,5.387,0.186,0.957
1172,poaceae_10.jpg,0.026,53.693,0.019,0.425
1173,poaceae_100.jpg,0.073,32.993,0.030,0.937
1174,poaceae_101.jpg,0.042,55.501,0.018,0.810
1175,poaceae_102.jpg,0.064,32.733,0.031,0.875
1176,poaceae_103.jpg,0.097,18.702,0.053,0.920
1177,poaceae_104.jpg,0.244,8.456,0.118,0.979
1178,poaceae_105.jpg,0.323,4.776,0.209,0.947
1179,poaceae_106.jpg,0.208,8.119,0.123,0.941
1180,poaceae_107.jpg,0.033,83.195,0.012,0.817
1181,poaceae_108.jpg,0.044,62.591,0.016,0.834
1182,poaceae_109.jpg,0.443,3.833,0.261,0.977
1183,poaceae_11.jpg,0.345,4.778,0.209,0.957
1184,poaceae_110.jpg,0.397,4.401,0.227,0.984
1185,poaceae_111.jpg,0.055,31.922,0.031,0.879
1186,poaceae_112.jpg,0.068,27.756,0.036,0.862
1187,poaceae_113.jpg,0.296,6.617,0.151,0.967
1188,poaceae_114.jpg,0.437,3.706,0.270,0.975
1189,poaceae_115.jpg,0.103,20.364,0.049,0.956
1190,poaceae_116.jpg,0.127,16.608,0.060,0.935
1191,poaceae_117.jpg,0.106,20.459,0.049,0.945
1192,poaceae_118.jpg,0.148,14.905,0.067,0.973
1193,poaceae_119.jpg,0.145,11.020,0.091,0.931
1194,poaceae_12.jpg,0.268,7.799,0.128,0.952
1195,poaceae_120.jpg,0.146,11.013,0.091,0.934
1196,poaceae_121.jpg,0.079,26.181,0.038,0.734
1197,poaceae_122.jpg,0.060,29.699,0.034,0.589
1198,poaceae_123.jpg,0.134,19.075,0.052,0.859
1199,poaceae_124.jpg,0.162,14.678,0.068,0.784
1200,poaceae_125.jpg,0.070,31.609,0.032,0.920
1201,poaceae_126.jpg,0.102,22.701,0.044,0.957
1202,poaceae_127.jpg,0.117,17.797,0.056,0.879
1203,poaceae_128.jpg,0.193,10.577,0.095,0.927
1204,poaceae_129.jpg,0.117,17.740,0.056,0.887
1205,poaceae_13.jpg,0.070,35.888,0.028,0.849
1206,poaceae_130.jpg,0.193,10.581,0.095,0.930
1207,poaceae_131.jpg,0.046,61.157,0.016,0.889
1208,poaceae_132.jpg,0.041,63.442,0.016,0.750
1209,poaceae_133.jpg,0.082,25.067,0.040,0.856
1210,poaceae_134.jpg,0.087,24.224,0.041,0.895
1211,poaceae_135.jpg,0.051,47.725,0.021,0.810
1212,poaceae_136.jpg,0.051,47.619,0.021,0.810
1213,poaceae_137.jpg,0.025,98.542,0.010,0.870
1214,poaceae_138.jpg,0.037,60.098,0.017,0.760
1215,poaceae_139.jpg,0.069,28.146,0.036,0.918
1216,poaceae_14.jpg,0.085,25.906,0.039,0.763
1217,poaceae_140.jpg,0.032,73.030,0.014,0.774
1218,poaceae_141.jpg,0.258,6.621,0.151,0.964
1219,poaceae_142.jpg,0.441,3.915,0.255,0.982
1220,poaceae_143.jpg,0.164,15.870,0.063,0.955
1221,poaceae_144.jpg,0.170,15.135,0.066,0.921
1222,poaceae_145.jpg,0.099,23.965,0.042,0.902
1223,poaceae_146.jpg,0.081,26.850,0.037,0.803
1224,poaceae_147.jpg,0.067,29.989,0.033,0.710
1225,poaceae_148.jpg,0.037,44.303,0.023,0.665
1226,poaceae_149.jpg,0.145,17.230,0.058,0.965
1227,poaceae_15.jpg,0.249,7.124,0.140,0.969
1228,poaceae_150.jpg,0.056,43.135,0.023,0.928
1229,poaceae_151.jpg,0.080,28.143,0.036,0.868
1230,poaceae_152.jpg,0.070,31.678,0.032,0.900
1231,poaceae_153.jpg,0.111,19.134,0.052,0.944
1232,poaceae_154.jpg,0.077,22.070,0.045,0.899
1233,poaceae_155.jpg,0.280,5.364,0.186,0.950
1234,poaceae_156.jpg,0.308,5.713,0.175,0.973
1235,poaceae_157.jpg,0.439,4.199,0.238,0.976
1236,poaceae_158.jpg,0.338,5.969,0.168,0.976
1237,poaceae_159.jpg,0.118,15.601,0.064,0.952
1238,poaceae_16.jpg,0.242,7.197,0.139,0.968
1239,poaceae_160.jpg,0.092,15.533,0.064,0.932
1240,poaceae_161.jpg,0.036,54.610,0.018,0.674
1241,poaceae_162.jpg,0.025,74.207,0.013,0.605
1242,poaceae_163.jpg,0.344,5.609,0.178,0.973
1243,poaceae_164.jpg,0.224,7.920,0.126,0.920
1244,poaceae_165.jpg,0.136,17.236,0.058,0.891
1245,poaceae_166.jpg,0.096,20.865,0.048,0.807
1246,poaceae_167.jpg,0.161,14.072,0.071,0.935
1247,poaceae_168.jpg,0.160,14.923,0.067,0.927
1248,poaceae_169.jpg,0.189,10.527,0.095,0.962
1249,poaceae_17.jpg,0.203,10.293,0.097,0.955
1250,poaceae_170.jpg,0.158,10.698,0.093,0.936
1251,poaceae_171.jpg,0.071,31.882,0.031,0.826
1252,poaceae_172.jpg,0.061,37.709,0.027,0.873
1253,poaceae_173.jpg,0.372,4.727,0.212,0.958
1254,poaceae_174.jpg,0.446,4.051,0.247,0.968
1255,poaceae_175.jpg,0.320,6.258,0.160,0.960
1256,poaceae_176.jpg,0.315,5.804,0.172,0.959
1257,poaceae_177.jpg,0.541,2.624,0.381,0.968
1258,poaceae_178.jpg,0.611,2.059,0.486,0.957
1259,poaceae_179.jpg,0.086,23.261,0.043,0.871
1260,poaceae_18.jpg,0.140,15.845,0.063,0.936
1261,poaceae_180.jpg,0.103,18.884,0.053,0.904
1262,poaceae_181.jpg,0.163,11.453,0.087,0.951
1263,poaceae_182.jpg,0.181,10.476,0.095,0.952
1264,poaceae_183.jpg,0.228,7.342,0.136,0.952
1265,poaceae_184.jpg,0.316,5.100,0.196,0.955
1266,poaceae_185.jpg,0.135,18.244,0.055,0.910
1267,poaceae_186.jpg,0.156,14.458,0.069,0.909
1268,poaceae_187.jpg,0.266,7.424,0.135,0.955
1269,poaceae_188.jpg,0.308,6.109,0.164,0.960
1270,poaceae_189.jpg,0.396,4.164,0.240,0.975
1271,poaceae_19.jpg,0.100,18.365,0.054,0.914
1272,poaceae_190.jpg,0.421,3.892,0.257,0.970
1273,poaceae_191.jpg,0.170,9.604,0.104,0.942
1274,poaceae_192.jpg,0.171,9.617,0.104,0.940
1275,poaceae_193.jpg,0.079,30.385,0.033,0.848
1276,poaceae_194.jpg,0.127,16.429,0.061,0.961
1277,poaceae_195.jpg,0.406,3.547,0.282,0.952
1278,poaceae_196.jpg,0.481,3.125,0.320,0.980
1279,poaceae_197.jpg,0.072,26.670,0.037,0.892
1280,poaceae_198.jpg,0.091,18.408,0.054,0.745
1281,poaceae_199.jpg,0.022,84.935,0.012,0.538
1282,poaceae_2.jpg,0.295,5.715,0.175,0.956
1283,poaceae_20.jpg,0.044,49.181,0.020,0.815
1284,poaceae_200.jpg,0.068,34.072,0.029,0.861
1285,poaceae_201.jpg,0.536,2.558,0.391,0.971
1286,poaceae_202.jpg,0.536,2.478,0.404,0.964
1287,poaceae_203.jpg,0.076,29.058,0.034,0.813
1288,poaceae_204.jpg,0.058,38.787,0.026,0.825
1289,poaceae_205.jpg,0.300,5.378,0.186,0.937
1290,poaceae_206.jpg,0.298,5.472,0.183,0.955
1291,poaceae_207.jpg,0.054,35.441,0.028,0.709
1292,poaceae_208.jpg,0.065,24.344,0.041,0.600
1293,poaceae_209.jpg,0.211,9.726,0.103,0.873
1294,poaceae_21.jpg,0.100,22.520,0.044,0.903
1295,poaceae_210.jpg,0.074,32.596,0.031,0.794
1296,poaceae_211.jpg,0.094,19.766,0.051,0.930
1297,poaceae_212.jpg,0.112,16.723,0.060,0.887
1298,poaceae_213.jpg,0.207,8.124,0.123,0.943
1299,poaceae_214.jpg,0.310,5.501,0.182,0.974
1300,poaceae_215.jpg,0.294,6.267,0.160,0.975
1301,poaceae_216.jpg,0.304,5.897,0.170,0.976
1302,poaceae_217.jpg,0.038,62.513,0.016,0.795
1303,poaceae_218.jpg,0.038,62.881,0.016,0.789
1304,poaceae_219.jpg,0.231,10.234,0.098,0.891
1305,poaceae_22.jpg,0.154,13.301,0.075,0.902
1306,poaceae_220.jpg,0.252,9.180,0.109,0.900
1307,poaceae_221.jpg,0.418,5.041,0.198,0.972
1308,poaceae_222.jpg,0.427,4.291,0.233,0.980
1309,poaceae_223.jpg,0.045,55.655,0.018,0.776
1310,poaceae_224.jpg,0.027,83.519,0.012,0.655
1311,poaceae_225.jpg,0.446,3.182,0.314,0.934
1312,poaceae_226.jpg,0.384,3.977,0.251,0.950
1313,poaceae_227.jpg,0.146,15.216,0.066,0.968
1314,poaceae_228.jpg,0.066,33.063,0.030,0.870
1315,poaceae_229.jpg,0.064,38.079,0.026,0.902
1316,poaceae_23.jpg,0.098,21.375,0.047,0.863
1317,poaceae_230.jpg,0.053,32.801,0.030,0.791
1318,poaceae_231.jpg,0.073,28.990,0.034,0.790
1319,poaceae_232.jpg,0.073,29.045,0.034,0.788
1320,poaceae_233.jpg,0.047,46.299,0.022,0.674
1321,poaceae_234.jpg,0.021,95.731,0.010,0.658
1322,poaceae_235.jpg,0.032,49.465,0.020,0.525
1323,poaceae_236.jpg,0.039,47.482,0.021,0.725
1324,poaceae_237.jpg,0.090,25.088,0.040,0.924
1325,poaceae_238.jpg,0.071,26.557,0.038,0.884
1326,poaceae_239.jpg,0.037,60.972,0.016,0.756
1327,poaceae_24.jpg,0.081,21.201,0.047,0.915
1328,poaceae_240.jpg,0.049,50.934,0.020,0.786
1329,poaceae_241.jpg,0.061,34.689,0.029,0.854
1330,poaceae_242.jpg,0.061,34.683,0.029,0.853
1331,poaceae_243.jpg,0.078,29.105,0.034,0.898
1332,poaceae_244.jpg,0.097,23.470,0.043,0.879
1333,poaceae_245.jpg,0.433,2.924,0.342,0.946
1334,poaceae_246.jpg,0.292,5.089,0.197,0.938
1335,poaceae_247.jpg,0.354,4.337,0.231,0.949
1336,poaceae_248.jpg,0.424,3.609,0.277,0.964
1337,poaceae_249.jpg,0.233,10.097,0.099,0.922
1338,poaceae_25.jpg,0.121,19.685,0.051,0.908
1339,poaceae_250.jpg,0.235,8.345,0.120,0.905
1340,poaceae_251.jpg,0.079,32.106,0.031,0.809
1341,poaceae_252.jpg,0.077,29.440,0.034,0.713
1342,poaceae_253.jpg,0.052,47.134,0.021,0.848
1343,poaceae_254.jpg,0.082,29.973,0.033,0.849
1344,poaceae_255.jpg,0.122,17.385,0.058,0.953
1345,poaceae_256.jpg,0.166,12.829,0.078,0.945
1346,poaceae_257.jpg,0.086,25.649,0.039,0.887
1347,poaceae_258.jpg,0.106,19.876,0.050,0.933
1348,poaceae_259.jpg,0.294,6.273,0.159,0.971
1349,poaceae_26.jpg,0.149,13.731,0.073,0.907
1350,poaceae_260.jpg,0.371,4.173,0.240,0.973
1351,poaceae_261.jpg,0.054,47.266,0.021,0.837
1352,poaceae_262.jpg,0.045,39.398,0.025,0.599
1353,poaceae_263.jpg,0.059,34.991,0.029,0.816
1354,poaceae_264.jpg,0.044,46.648,0.021,0.774
1355,poaceae_265.jpg,0.075,31.599,0.032,0.847
1356,poaceae_266.jpg,0.184,12.058,0.083,0.866
1357,poaceae_267.jpg,0.353,4.838,0.207,0.975
1358,poaceae_268.jpg,0.313,5.780,0.173,0.981
1359,poaceae_269.jpg,0.100,17.595,0.057,0.866
1360,poaceae_27.jpg,0.021,105.622,0.009,0.650
1361,poaceae_270.jpg,0.054,40.310,0.025,0.914
1362,poaceae_271.jpg,0.096,16.372,0.061,0.895
1363,poaceae_272.jpg,0.090,17.094,0.059,0.900
1364,poaceae_273.jpg,0.023,66.806,0.015,0.463
1365,poaceae_274.jpg,0.052,48.398,0.021,0.877
1366,poaceae_275.jpg,0.185,10.770,0.093,0.916
1367,poaceae_276.jpg,0.330,5.875,0.170,0.955
1368,poaceae_277.jpg,0.121,17.363,0.058,0.917
1369,poaceae_278.jpg,0.134,14.448,0.069,0.960
1370,poaceae_279.jpg,0.330,4.607,0.217,0.967
1371,poaceae_28.jpg,0.027,80.844,0.012,0.726
1372,poaceae_280.jpg,0.550,2.141,0.467,0.952
1373,poaceae_281.jpg,0.079,26.833,0.037,0.821
1374,poaceae_282.jpg,0.072,28.942,0.035,0.834
1375,poaceae_283.jpg,0.097,13.118,0.076,0.778
1376,poaceae_284.jpg,0.066,23.906,0.042,0.833
1377,poaceae_285.jpg,0.280,6.177,0.162,0.958
1378,poaceae_286.jpg,0.277,5.869,0.170,0.949
1379,poaceae_287.jpg,0.015,154.401,0.006,0.661
1380,poaceae_288.jpg,0.014,153.403,0.007,0.538
1381,poaceae_289.jpg,0.037,62.811,0.016,0.723
1382,poaceae_29.jpg,0.330,4.822,0.207,0.935
1383,poaceae_290.jpg,0.025,90.219,0.011,0.696
1384,poaceae_291.jpg,0.206,10.992,0.091,0.914
1385,poaceae_292.jpg,0.176,11.194,0.089,0.937
1386,poaceae_293.jpg,0.123,13.401,0.075,0.899
1387,poaceae_294.jpg,0.126,12.913,0.077,0.813
1388,poaceae_295.jpg,0.076,24.374,0.041,0.611
1389,poaceae_296.jpg,0.128,19.681,0.051,0.875
1390,poaceae_297.jpg,0.177,11.751,0.085,0.954
1391,poaceae_298.jpg,0.142,15.622,0.064,0.933
1392,poaceae_299.jpg,0.115,14.852,0.067,0.779
1393,poaceae_3.jpg,0.061,35.359,0.028,0.765
1394,poaceae_30.jpg,0.622,2.296,0.436,0.962
1395,poaceae_300.jpg,0.072,29.803,0.034,0.811
1396,poaceae_301.jpg,0.133,18.308,0.055,0.920
1397,poaceae_302.jpg,0.088,24.319,0.041,0.862
1398,poaceae_303.jpg,0.242,6.462,0.155,0.939
1399,poaceae_304.jpg,0.242,6.506,0.154,0.939
1400,poaceae_305.jpg,0.122,17.728,0.056,0.946
1401,poaceae_306.jpg,0.132,15.417,0.065,0.956
1402,poaceae_307.jpg,0.523,3.397,0.294,0.986
1403,poaceae_308.jpg,0.396,4.511,0.222,0.977
1404,poaceae_309.jpg,0.026,73.808,0.014,0.488
1405,poaceae_31.jpg,0.246,7.528,0.133,0.967
1406,poaceae_310.jpg,0.022,121.735,0.008,0.619
1407,poaceae_311.jpg,0.048,38.616,0.026,0.890
1408,poaceae_312.jpg,0.048,38.443,0.026,0.888
1409,poaceae_313.jpg,0.178,12.641,0.079,0.961
1410,poaceae_314.jpg,0.077,23.018,0.043,0.777
1411,poaceae_315.jpg,0.150,14.423,0.069,0.935
1412,poaceae_316.jpg,0.145,15.950,0.063,0.946
1413,poaceae_317.jpg,0.043,49.239,0.020,0.787
1414,poaceae_318.jpg,0.028,88.373,0.011,0.778
1415,poaceae_319.jpg,0.053,46.426,0.022,0.666
1416,poaceae_32.jpg,0.263,6.420,0.156,0.958
1417,poaceae_320.jpg,0.033,61.022,0.016,0.602
1418,poaceae_321.jpg,0.054,37.549,0.027,0.870
1419,poaceae_322.jpg,0.047,38.250,0.026,0.787
1420,poaceae_323.jpg,0.444,3.583,0.279,0.981
1421,poaceae_324.jpg,0.471,3.243,0.308,0.981
1422,poaceae_325.jpg,0.096,22.575,0.044,0.857
1423,poaceae_326.jpg,0.091,24.556,0.041,0.931
1424,poaceae_327.jpg,0.107,16.508,0.061,0.931
1425,poaceae_328.jpg,0.127,14.062,0.071,0.935
1426,poaceae_329.jpg,0.374,3.792,0.264,0.941
1427,poaceae_33.jpg,0.246,7.535,0.133,0.965
1428,poaceae_330.jpg,0.323,4.812,0.208,0.962
1429,poaceae_331.jpg,0.095,23.358,0.043,0.852
1430,poaceae_332.jpg,0.091,27.110,0.037,0.814
1431,poaceae_333.jpg,0.099,21.221,0.047,0.898
1432,poaceae_334.jpg,0.098,20.844,0.048,0.899
1433,poaceae_335.jpg,0.042,47.599,0.021,0.741
1434,poaceae_336.jpg,0.041,42.831,0.023,0.686
1435,poaceae_337.jpg,0.061,33.232,0.030,0.839
1436,poaceae_338.jpg,0.017,86.792,0.012,0.476
1437,poaceae_339.jpg,0.175,11.674,0.086,0.946
1438,poaceae_34.jpg,0.264,6.418,0.156,0.959
1439,poaceae_340.jpg,0.096,20.271,0.049,0.859
1440,poaceae_341.jpg,0.196,10.998,0.091,0.963
1441,poaceae_342.jpg,0.147,13.225,0.076,0.934
1442,poaceae_343.jpg,0.206,11.595,0.086,0.922
1443,poaceae_344.jpg,0.283,7.924,0.126,0.961
1444,poaceae_345.jpg,0.040,50.644,0.020,0.689
1445,poaceae_346.jpg,0.069,28.424,0.035,0.825
1446,poaceae_347.jpg,0.042,47.308,0.021,0.652
1447,poaceae_348.jpg,0.051,42.897,0.023,0.695
1448,poaceae_349.jpg,0.188,9.324,0.107,0.945
1449,poaceae_35.jpg,0.109,19.579,0.051,0.913
1450,poaceae_350.jpg,0.221,8.073,0.124,0.969
1451,poaceae_351.jpg,0.058,35.699,0.028,0.909
1452,poaceae_352.jpg,0.095,13.366,0.075,0.849
1453,poaceae_353.jpg,0.456,3.327,0.301,0.975
1454,poaceae_354.jpg,0.460,3.369,0.297,0.972
1455,poaceae_355.jpg,0.254,6.345,0.158,0.939
1456,poaceae_356.jpg,0.293,5.950,0.168,0.964
1457,poaceae_357.jpg,0.240,6.988,0.143,0.952
1458,poaceae_358.jpg,0.258,6.284,0.159,0.955
1459,poaceae_359.jpg,0.065,38.823,0.026,0.851
1460,poaceae_36.jpg,0.083,22.472,0.045,0.925
1461,poaceae_360.jpg,0.068,33.296,0.030,0.849
1462,poaceae_361.jpg,0.280,8.056,0.124,0.920
1463,poaceae_362.jpg,0.068,30.412,0.033,0.688
1464,poaceae_363.jpg,0.043,39.640,0.025,0.703
1465,poaceae_364.jpg,0.049,44.030,0.023,0.786
1466,poaceae_365.jpg,0.071,34.068,0.029,0.838
1467,poaceae_366.jpg,0.098,24.032,0.042,0.865
1468,poaceae_367.jpg,0.041,54.412,0.018,0.704
1469,poaceae_368.jpg,0.051,49.587,0.020,0.749
1470,poaceae_369.jpg,0.031,70.692,0.014,0.599
1471,poaceae_37.jpg,0.040,43.475,0.023,0.638
1472,poaceae_370.jpg,0.043,59.807,0.017,0.724
1473,poaceae_371.jpg,0.068,32.427,0.031,0.905
1474,poaceae_372.jpg,0.061,38.624,0.026,0.725
1475,poaceae_373.jpg,0.143,15.437,0.065,0.948
1476,poaceae_374.jpg,0.192,10.754,0.093,0.965
1477,poaceae_375.jpg,0.031,65.488,0.015,0.635
1478,poaceae_376.jpg,0.048,50.562,0.020,0.765
1479,poaceae_377.jpg,0.187,11.707,0.085,0.969
1480,poaceae_378.jpg,0.105,19.050,0.052,0.945
1481,poaceae_379.jpg,0.038,49.708,0.020,0.687
1482,poaceae_38.jpg,0.052,33.101,0.030,0.819
1483,poaceae_380.jpg,0.037,66.476,0.015,0.819
1484,poaceae_381.jpg,0.044,46.288,0.022,0.668
1485,poaceae_382.jpg,0.090,26.763,0.037,0.861
1486,poaceae_383.jpg,0.249,7.081,0.141,0.974
1487,poaceae_384.jpg,0.222,6.920,0.145,0.893
1488,poaceae_385.jpg,0.615,1.962,0.510,0.975
1489,poaceae_386.jpg,0.640,2.067,0.484,0.982
1490,poaceae_387.jpg,0.085,23.808,0.042,0.881
1491,poaceae_388.jpg,0.094,21.518,0.046,0.925
1492,poaceae_389.jpg,0.068,30.759,0.033,0.777
1493,poaceae_39.jpg,0.278,6.186,0.162,0.951
1494,poaceae_390.jpg,0.065,28.463,0.035,0.732
1495,poaceae_4.jpg,0.101,21.990,0.045,0.868
1496,poaceae_40.jpg,0.233,7.548,0.132,0.945
1497,poaceae_41.jpg,0.102,19.008,0.053,0.874
1498,poaceae_42.jpg,0.106,20.410,0.049,0.910
1499,poaceae_43.jpg,0.037,53.914,0.019,0.635
1500,poaceae_44.jpg,0.062,41.090,0.024,0.828
1501,poaceae_45.jpg,0.084,30.115,0.033,0.901
1502,poaceae_46.jpg,0.094,27.187,0.037,0.904
1503,poaceae_47.jpg,0.263,7.674,0.130,0.980
1504,poaceae_48.jpg,0.217,9.832,0.102,0.975
1505,poaceae_49.jpg,0.047,50.600,0.020,0.930
1506,poaceae_5.jpg,0.052,44.805,0.022,0.783
1507,poaceae_50.jpg,0.048,47.723,0.021,0.886
1508,poaceae_51.jpg,0.041,51.438,0.019,0.877
1509,poaceae_52.jpg,0.017,107.615,0.009,0.586
1510,poaceae_53.jpg,0.291,5.855,0.171,0.961
1511,poaceae_54.jpg,0.201,8.550,0.117,0.938
1512,poaceae_55.jpg,0.073,23.238,0.043,0.749
1513,poaceae_56.jpg,0.085,23.303,0.043,0.907
1514,poaceae_57.jpg,0.080,28.099,0.036,0.895
1515,poaceae_58.jpg,0.073,28.528,0.035,0.767
1516,poaceae_59.jpg,0.099,21.988,0.045,0.930
1517,poaceae_6.jpg,0.077,32.159,0.031,0.893
1518,poaceae_60.jpg,0.091,23.948,0.042,0.946
1519,poaceae_61.jpg,0.107,19.976,0.050,0.883
1520,poaceae_62.jpg,0.069,33.099,0.030,0.878
1521,poaceae_63.jpg,0.058,32.827,0.030,0.894
1522,poaceae_64.jpg,0.046,53.185,0.019,0.884
1523,poaceae_65.jpg,0.364,4.256,0.235,0.971
1524,poaceae_66.jpg,0.351,4.245,0.236,0.964
1525,poaceae_67.jpg,0.194,8.893,0.112,0.886
1526,poaceae_68.jpg,0.245,7.393,0.135,0.906
1527,poaceae_69.jpg,0.100,22.888,0.044,0.906
1528,poaceae_7.jpg,0.084,24.489,0.041,0.892
1529,poaceae_70.jpg,0.059,36.536,0.027,0.814
1530,poaceae_71.jpg,0.049,51.533,0.019,0.803
1531,poaceae_72.jpg,0.071,28.765,0.035,0.648
1532,poaceae_73.jpg,0.238,7.291,0.137,0.964
1533,poaceae_74.jpg,0.182,10.000,0.100,0.942
1534,poaceae_75.jpg,0.292,5.554,0.180,0.962
1535,poaceae_76.jpg,0.266,6.038,0.166,0.952
1536,poaceae_77.jpg,0.080,25.628,0.039,0.817
1537,poaceae_78.jpg,0.045,54.665,0.018,0.715
1538,poaceae_79.jpg,0.034,72.824,0.014,0.873
1539,poaceae_8.jpg,0.079,28.515,0.035,0.762
1540,poaceae_80.jpg,0.063,39.107,0.026,0.934
1541,poaceae_81.jpg,0.120,16.828,0.059,0.954
1542,poaceae_82.jpg,0.240,7.181,0.139,0.952
1543,poaceae_83.jpg,0.215,7.967,0.126,0.965
1544,poaceae_84.jpg,0.247,7.419,0.135,0.970
1545,poaceae_85.jpg,0.173,10.767,0.093,0.832
1546,poaceae_86.jpg,0.290,7.367,0.136,0.962
1547,poaceae_87.jpg,0.085,22.155,0.045,0.867
1548,poaceae_88.jpg,0.102,15.781,0.063,0.820
1549,poaceae_89.jpg,0.031,65.878,0.015,0.651
1550,poaceae_9.jpg,0.022,66.101,0.015,0.482
1551,poaceae_90.jpg,0.031,65.862,0.015,0.646
1552,poaceae_91.jpg,0.080,27.147,0.037,0.891
1553,poaceae_92.jpg,0.027,90.705,0.011,0.671
1554,poaceae_93.jpg,0.034,60.463,0.017,0.814
1555,poaceae_94.jpg,0.084,21.782,0.046,0.876
1556,poaceae_95.jpg,0.034,45.010,0.022,0.511
1557,poaceae_96.jpg,0.076,30.400,0.033,0.748
1558,poaceae_97.jpg,0.050,51.952,0.019,0.773
1559,poaceae_98.jpg,0.061,32.147,0.031,0.730
1560,poaceae_99.jpg,0.073,32.555,0.031,0.937
1561,tomato_1.jpg,0.334,2.750,0.364,0.817
1562,tomato_10.jpg,0.497,1.966,0.509,0.913
1563,tomato_100.jpg,0.550,1.738,0.575,0.903
1564,tomato_101.jpg,0.684,1.608,0.622,0.949
1565,tomato_102.jpg,0.608,1.920,0.521,0.937
1566,tomato_103.jpg,0.438,1.889,0.530,0.878
1567,tomato_104.jpg,0.534,1.844,0.542,0.912
1568,tomato_105.jpg,0.448,2.006,0.498,0.883
1569,tomato_106.jpg,0.472,2.199,0.455,0.894
1570,tomato_107.jpg,0.482,1.984,0.504,0.896
1571,tomato_108.jpg,0.565,2.057,0.486,0.931
1572,tomato_109.jpg,0.499,2.203,0.454,0.910
1573,tomato_11.jpg,0.483,1.727,0.579,0.883
1574,tomato_110.jpg,0.579,1.966,0.509,0.927
1575,tomato_111.jpg,0.467,1.857,0.539,0.855
1576,tomato_112.jpg,0.440,1.668,0.599,0.863
1577,tomato_113.jpg,0.431,1.536,0.651,0.846
1578,tomato_114.jpg,0.472,1.346,0.743,0.877
1579,tomato_115.jpg,0.478,1.332,0.751,0.876
1580,tomato_116.jpg,0.512,1.416,0.706,0.900
1581,tomato_117.jpg,0.490,1.725,0.580,0.916
1582,tomato_118.jpg,0.547,1.984,0.504,0.907
1583,tomato_119.jpg,0.543,2.145,0.466,0.928
1584,tomato_12.jpg,0.469,2.002,0.500,0.894
1585,tomato_120.jpg,0.477,2.109,0.474,0.884
1586,tomato_121.jpg,0.462,1.698,0.589,0.908
1587,tomato_122.jpg,0.451,1.982,0.504,0.901
1588,tomato_123.jpg,0.489,1.759,0.569,0.892
1589,tomato_124.jpg,0.495,1.910,0.524,0.918
1590,tomato_125.jpg,0.597,1.868,0.535,0.931
1591,tomato_126.jpg,0.500,1.916,0.522,0.896
1592,tomato_127.jpg,0.641,1.499,0.667,0.921
1593,tomato_128.jpg,0.621,2.102,0.476,0.945
1594,tomato_129.jpg,0.471,1.783,0.561,0.868
1595,tomato_13.jpg,0.480,1.902,0.526,0.905
1596,tomato_130.jpg,0.511,1.500,0.667,0.897
1597,tomato_131.jpg,0.337,1.714,0.583,0.838
1598,tomato_132.jpg,0.450,1.519,0.658,0.864
1599,tomato_133.jpg,0.488,1.672,0.598,0.884
1600,tomato_134.jpg,0.526,1.537,0.650,0.891
1601,tomato_135.jpg,0.446,1.485,0.674,0.850
1602,tomato_136.jpg,0.500,1.484,0.674,0.892
1603,tomato_137.jpg,0.490,1.809,0.553,0.909
1604,tomato_138.jpg,0.464,1.944,0.515,0.891
1605,tomato_139.jpg,0.477,2.052,0.487,0.900
1606,tomato_14.jpg,0.375,2.385,0.419,0.854
1607,tomato_140.jpg,0.463,1.958,0.511,0.890
1608,tomato_141.jpg,0.434,1.973,0.507,0.857
1609,tomato_142.jpg,0.485,1.682,0.595,0.888
1610,tomato_143.jpg,0.366,2.020,0.495,0.892
1611,tomato_144.jpg,0.524,1.857,0.539,0.935
1612,tomato_145.jpg,0.513,1.745,0.573,0.898
1613,tomato_146.jpg,0.472,2.082,0.480,0.890
1614,tomato_147.jpg,0.474,2.074,0.482,0.890
1615,tomato_148.jpg,0.450,1.992,0.502,0.859
1616,tomato_149.jpg,0.645,1.584,0.631,0.952
1617,tomato_15.jpg,0.446,1.997,0.501,0.876
1618,tomato_150.jpg,0.631,1.735,0.577,0.947
1619,tomato_151.jpg,0.689,1.676,0.597,0.953
1620,tomato_152.jpg,0.605,1.656,0.604,0.937
1621,tomato_153.jpg,0.556,1.850,0.541,0.922
1622,tomato_154.jpg,0.529,1.917,0.522,0.897
1623,tomato_155.jpg,0.497,1.855,0.539,0.885
1624,tomato_156.jpg,0.383,1.927,0.519,0.854
1625,tomato_157.jpg,0.598,1.647,0.607,0.930
1626,tomato_158.jpg,0.568,1.565,0.639,0.907
1627,tomato_159.jpg,0.513,1.871,0.535,0.911
1628,tomato_16.jpg,0.552,1.957,0.511,0.938
1629,tomato_160.jpg,0.530,1.955,0.512,0.935
1630,tomato_161.jpg,0.631,1.679,0.596,0.943
1631,tomato_162.jpg,0.678,1.578,0.634,0.934
1632,tomato_163.jpg,0.715,1.569,0.637,0.962
1633,tomato_164.jpg,0.681,1.423,0.703,0.951
1634,tomato_165.jpg,0.485,2.077,0.482,0.912
1635,tomato_166.jpg,0.514,1.822,0.549,0.906
1636,tomato_167.jpg,0.491,2.125,0.471,0.910
1637,tomato_168.jpg,0.486,2.096,0.477,0.906
1638,tomato_169.jpg,0.450,1.514,0.661,0.861
1639,tomato_17.jpg,0.573,1.602,0.624,0.918
1640,tomato_170.jpg,0.391,1.535,0.651,0.801
1641,tomato_171.jpg,0.410,1.571,0.637,0.861
1642,tomato_172.jpg,0.427,1.479,0.676,0.846
1643,tomato_173.jpg,0.357,1.855,0.539,0.829
1644,tomato_174.jpg,0.394,2.116,0.473,0.825
1645,tomato_175.jpg,0.460,1.506,0.664,0.828
1646,tomato_176.jpg,0.528,1.471,0.680,0.873
1647,tomato_177.jpg,0.349,1.738,0.575,0.792
1648,tomato_178.jpg,0.367,2.232,0.448,0.815
1649,tomato_179.jpg,0.379,1.957,0.511,0.841
1650,tomato_18.jpg,0.544,1.540,0.649,0.886
1651,tomato_180.jpg,0.359,2.024,0.494,0.845
1652,tomato_181.jpg,0.329,2.012,0.497,0.791
1653,tomato_182.jpg,0.368,2.045,0.489,0.872
1654,tomato_183.jpg,0.399,2.116,0.473,0.871
1655,tomato_184.jpg,0.435,2.033,0.492,0.854
1656,tomato_185.jpg,0.533,1.892,0.528,0.913
1657,tomato_186.jpg,0.500,1.331,0.751,0.880
1658,tomato_187.jpg,0.506,1.695,0.590,0.904
1659,tomato_188.jpg,0.507,1.727,0.579,0.911
1660,tomato_189.jpg,0.634,1.375,0.727,0.929
1661,tomato_19.jpg,0.631,1.307,0.765,0.921
1662,tomato_190.jpg,0.492,1.734,0.577,0.842
1663,tomato_191.jpg,0.556,1.961,0.510,0.940
1664,tomato_192.jpg,0.494,1.887,0.530,0.865
1665,tomato_193.jpg,0.490,1.416,0.706,0.879
1666,tomato_194.jpg,0.450,1.633,0.613,0.867
1667,tomato_195.jpg,0.381,1.604,0.623,0.848
1668,tomato_196.jpg,0.450,1.479,0.676,0.858
1669,tomato_197.jpg,0.539,1.796,0.557,0.916
1670,tomato_198.jpg,0.581,1.961,0.510,0.928
1671,tomato_199.jpg,0.432,2.265,0.441,0.884
1672,tomato_2.jpg,0.438,2.248,0.445,0.875
1673,tomato_20.jpg,0.517,1.696,0.590,0.915
1674,tomato_200.jpg,0.571,1.830,0.546,0.911
1675,tomato_201.jpg,0.549,1.711,0.584,0.913
1676,tomato_202.jpg,0.502,2.060,0.486,0.900
1677,tomato_203.jpg,0.515,1.601,0.625,0.895
1678,tomato_204.jpg,0.511,1.760,0.568,0.894
1679,tomato_205.jpg,0.495,1.907,0.524,0.901
1680,tomato_206.jpg,0.554,2.123,0.471,0.929
1681,tomato_207.jpg,0.442,2.204,0.454,0.887
1682,tomato_208.jpg,0.461,1.973,0.507,0.889
1683,tomato_209.jpg,0.399,2.222,0.450,0.882
1684,tomato_21.jpg,0.537,1.866,0.536,0.911
1685,tomato_210.jpg,0.367,2.051,0.488,0.840
1686,tomato_211.jpg,0.327,2.269,0.441,0.852
1687,tomato_212.jpg,0.326,2.571,0.389,0.866
1688,tomato_213.jpg,0.466,1.729,0.578,0.859
1689,tomato_214.jpg,0.458,1.827,0.547,0.896
1690,tomato_215.jpg,0.333,1.809,0.553,0.816
1691,tomato_216.jpg,0.435,1.539,0.650,0.851
1692,tomato_217.jpg,0.447,1.963,0.510,0.878
1693,tomato_218.jpg,0.430,1.896,0.528,0.858
1694,tomato_219.jpg,0.360,1.908,0.524,0.854
1695,tomato_22.jpg,0.382,2.344,0.427,0.867
1696,tomato_220.jpg,0.501,1.940,0.515,0.910
1697,tomato_221.jpg,0.598,1.763,0.567,0.944
1698,tomato_222.jpg,0.384,1.859,0.538,0.843
1699,tomato_223.jpg,0.484,1.740,0.575,0.884
1700,tomato_224.jpg,0.557,1.763,0.567,0.920
1701,tomato_225.jpg,0.622,1.797,0.557,0.943
1702,tomato_226.jpg,0.363,2.200,0.455,0.849
1703,tomato_227.jpg,0.307,1.818,0.550,0.788
1704,tomato_228.jpg,0.378,2.071,0.483,0.855
1705,tomato_229.jpg,0.469,1.640,0.610,0.824
1706,tomato_23.jpg,0.628,1.812,0.552,0.932
1707,tomato_230.jpg,0.476,1.760,0.568,0.883
1708,tomato_231.jpg,0.515,1.883,0.531,0.920
1709,tomato_232.jpg,0.464,1.935,0.517,0.886
1710,tomato_233.jpg,0.372,2.070,0.483,0.853
1711,tomato_234.jpg,0.383,1.867,0.536,0.844
1712,tomato_235.jpg,0.327,1.938,0.516,0.833
1713,tomato_236.jpg,0.508,1.538,0.650,0.888
1714,tomato_237.jpg,0.483,1.660,0.603,0.903
1715,tomato_238.jpg,0.564,1.771,0.565,0.906
1716,tomato_239.jpg,0.448,1.684,0.594,0.898
1717,tomato_24.jpg,0.530,1.992,0.502,0.925
1718,tomato_240.jpg,0.477,2.106,0.475,0.907
1719,tomato_241.jpg,0.462,1.883,0.531,0.886
1720,tomato_242.jpg,0.474,1.783,0.561,0.884
1721,tomato_243.jpg,0.563,1.700,0.588,0.914
1722,tomato_244.jpg,0.533,1.528,0.654,0.909
1723,tomato_245.jpg,0.342,1.901,0.526,0.832
1724,tomato_246.jpg,0.383,1.741,0.574,0.854
1725,tomato_247.jpg,0.467,2.032,0.492,0.899
1726,tomato_248.jpg,0.523,1.914,0.522,0.915
1727,tomato_249.jpg,0.527,1.803,0.555,0.926
1728,tomato_25.jpg,0.383,2.019,0.495,0.845
1729,tomato_250.jpg,0.609,2.004,0.499,0.953
1730,tomato_251.jpg,0.383,1.906,0.525,0.858
1731,tomato_252.jpg,0.459,1.788,0.559,0.898
1732,tomato_253.jpg,0.305,1.980,0.505,0.783
1733,tomato_254.jpg,0.466,2.149,0.465,0.881
1734,tomato_255.jpg,0.589,1.518,0.659,0.922
1735,tomato_256.jpg,0.615,1.497,0.668,0.937
1736,tomato_257.jpg,0.661,1.412,0.708,0.951
1737,tomato_258.jpg,0.651,1.718,0.582,0.949
1738,tomato_259.jpg,0.492,1.816,0.551,0.891
1739,tomato_26.jpg,0.590,1.556,0.642,0.931
1740,tomato_260.jpg,0.326,1.641,0.609,0.825
1741,tomato_261.jpg,0.381,1.725,0.580,0.875
1742,tomato_262.jpg,0.541,1.681,0.595,0.914
1743,tomato_263.jpg,0.442,2.273,0.440,0.902
1744,tomato_264.jpg,0.409,2.030,0.493,0.852
1745,tomato_265.jpg,0.452,1.833,0.546,0.886
1746,tomato_266.jpg,0.387,2.045,0.489,0.890
1747,tomato_267.jpg,0.510,1.479,0.676,0.908
1748,tomato_268.jpg,0.483,1.657,0.604,0.905
1749,tomato_269.jpg,0.442,1.771,0.565,0.903
1750,tomato_27.jpg,0.463,1.862,0.537,0.886
1751,tomato_270.jpg,0.363,2.007,0.498,0.860
1752,tomato_271.jpg,0.350,1.980,0.505,0.861
1753,tomato_272.jpg,0.389,1.703,0.587,0.881
1754,tomato_273.jpg,0.373,1.771,0.565,0.832
1755,tomato_274.jpg,0.384,2.066,0.484,0.866
1756,tomato_275.jpg,0.398,1.906,0.525,0.880
1757,tomato_276.jpg,0.400,1.854,0.539,0.882
1758,tomato_277.jpg,0.395,1.785,0.560,0.851
1759,tomato_278.jpg,0.518,1.912,0.523,0.913
1760,tomato_279.jpg,0.567,1.680,0.595,0.929
1761,tomato_28.jpg,0.381,2.045,0.489,0.857
1762,tomato_280.jpg,0.433,1.559,0.641,0.847
1763,tomato_281.jpg,0.346,1.839,0.544,0.838
1764,tomato_282.jpg,0.454,1.800,0.556,0.896
1765,tomato_283.jpg,0.454,2.036,0.491,0.898
1766,tomato_284.jpg,0.488,1.957,0.511,0.918
1767,tomato_285.jpg,0.501,1.917,0.522,0.913
1768,tomato_286.jpg,0.524,2.186,0.458,0.922
1769,tomato_287.jpg,0.447,1.964,0.509,0.894
1770,tomato_288.jpg,0.534,1.901,0.526,0.912
1771,tomato_289.jpg,0.501,1.786,0.560,0.917
1772,tomato_29.jpg,0.619,1.520,0.658,0.944
1773,tomato_290.jpg,0.528,1.953,0.512,0.911
1774,tomato_291.jpg,0.505,1.796,0.557,0.919
1775,tomato_292.jpg,0.492,1.767,0.566,0.917
1776,tomato_293.jpg,0.615,1.689,0.592,0.934
1777,tomato_294.jpg,0.610,1.478,0.677,0.909
1778,tomato_295.jpg,0.559,1.767,0.566,0.945
1779,tomato_296.jpg,0.704,1.448,0.691,0.959
1780,tomato_297.jpg,0.534,1.658,0.603,0.930
1781,tomato_298.jpg,0.557,1.553,0.644,0.919
1782,tomato_299.jpg,0.411,1.871,0.534,0.878
1783,tomato_3.jpg,0.420,1.995,0.501,0.838
1784,tomato_30.jpg,0.660,1.466,0.682,0.944
1785,tomato_300.jpg,0.442,1.964,0.509,0.876
1786,tomato_301.jpg,0.426,1.667,0.600,0.894
1787,tomato_302.jpg,0.342,2.003,0.499,0.824
1788,tomato_303.jpg,0.543,1.831,0.546,0.927
1789,tomato_304.jpg,0.507,1.737,0.576,0.925
1790,tomato_305.jpg,0.341,1.876,0.533,0.858
1791,tomato_306.jpg,0.422,1.888,0.530,0.860
1792,tomato_307.jpg,0.552,1.434,0.697,0.898
1793,tomato_308.jpg,0.371,1.721,0.581,0.839
1794,tomato_309.jpg,0.630,1.642,0.609,0.945
1795,tomato_31.jpg,0.622,1.472,0.680,0.874
1796,tomato_310.jpg,0.533,1.554,0.644,0.887
1797,tomato_311.jpg,0.406,1.405,0.712,0.844
1798,tomato_312.jpg,0.434,1.714,0.584,0.898
1799,tomato_313.jpg,0.366,1.698,0.589,0.810
1800,tomato_314.jpg,0.530,2.172,0.461,0.937
1801,tomato_315.jpg,0.546,1.858,0.538,0.910
1802,tomato_316.jpg,0.442,1.902,0.526,0.849
1803,tomato_317.jpg,0.572,2.075,0.482,0.940
1804,tomato_318.jpg,0.520,1.609,0.622,0.886
1805,tomato_319.jpg,0.498,1.806,0.554,0.916
1806,tomato_32.jpg,0.629,1.600,0.625,0.932
1807,tomato_320.jpg,0.448,1.770,0.565,0.894
1808,tomato_321.jpg,0.482,1.662,0.602,0.910
1809,tomato_322.jpg,0.408,2.017,0.496,0.868
1810,tomato_323.jpg,0.443,1.873,0.534,0.905
1811,tomato_324.jpg,0.382,1.798,0.556,0.861
1812,tomato_325.jpg,0.516,2.017,0.496,0.903
1813,tomato_326.jpg,0.499,1.638,0.611,0.910
1814,tomato_327.jpg,0.325,1.600,0.625,0.782
1815,tomato_328.jpg,0.409,1.748,0.572,0.871
1816,tomato_329.jpg,0.406,1.615,0.619,0.832
1817,tomato_33.jpg,0.580,1.707,0.586,0.913
1818,tomato_330.jpg,0.383,2.055,0.487,0.839
1819,tomato_331.jpg,0.485,1.846,0.542,0.911
1820,tomato_332.jpg,0.397,1.700,0.588,0.883
1821,tomato_333.jpg,0.360,2.306,0.434,0.840
1822,tomato_334.jpg,0.302,2.198,0.455,0.819
1823,tomato_335.jpg,0.443,1.873,0.534,0.899
1824,tomato_336.jpg,0.408,2.120,0.472,0.874
1825,tomato_337.jpg,0.403,2.003,0.499,0.831
1826,tomato_338.jpg,0.376,2.013,0.497,0.877
1827,tomato_339.jpg,0.400,1.995,0.501,0.887
1828,tomato_34.jpg,0.618,1.450,0.690,0.910
1829,tomato_340.jpg,0.262,2.019,0.495,0.804
1830,tomato_341.jpg,0.337,2.088,0.479,0.838
1831,tomato_342.jpg,0.401,1.975,0.506,0.879
1832,tomato_343.jpg,0.425,1.957,0.511,0.893
1833,tomato_344.jpg,0.303,2.267,0.441,0.790
1834,tomato_345.jpg,0.372,2.231,0.448,0.858
1835,tomato_346.jpg,0.457,1.958,0.511,0.902
1836,tomato_347.jpg,0.567,1.798,0.556,0.924
1837,tomato_348.jpg,0.335,1.999,0.500,0.845
1838,tomato_349.jpg,0.516,1.914,0.522,0.894
1839,tomato_35.jpg,0.542,1.528,0.654,0.910
1840,tomato_350.jpg,0.420,2.188,0.457,0.902
1841,tomato_351.jpg,0.373,1.790,0.559,0.859
1842,tomato_352.jpg,0.480,1.792,0.558,0.910
1843,tomato_353.jpg,0.566,1.919,0.521,0.934
1844,tomato_354.jpg,0.436,1.564,0.639,0.853
1845,tomato_355.jpg,0.418,1.694,0.590,0.879
1846,tomato_356.jpg,0.436,1.564,0.639,0.853
1847,tomato_357.jpg,0.427,1.754,0.570,0.873
1848,tomato_358.jpg,0.467,1.607,0.622,0.852
1849,tomato_359.jpg,0.683,1.566,0.639,0.947
1850,tomato_36.jpg,0.591,1.870,0.535,0.931
1851,tomato_360.jpg,0.663,1.587,0.630,0.954
1852,tomato_361.jpg,0.661,1.505,0.664,0.944
1853,tomato_362.jpg,0.701,1.511,0.662,0.937
1854,tomato_363.jpg,0.421,1.678,0.596,0.895
1855,tomato_364.jpg,0.574,1.707,0.586,0.926
1856,tomato_365.jpg,0.573,1.670,0.599,0.939
1857,tomato_366.jpg,0.415,1.781,0.562,0.865
1858,tomato_367.jpg,0.436,1.383,0.723,0.844
1859,tomato_368.jpg,0.522,1.616,0.619,0.918
1860,tomato_369.jpg,0.348,1.815,0.551,0.804
1861,tomato_37.jpg,0.558,1.837,0.545,0.920
1862,tomato_370.jpg,0.404,1.288,0.776,0.833
1863,tomato_371.jpg,0.433,2.176,0.460,0.882
1864,tomato_372.jpg,0.582,1.646,0.608,0.937
1865,tomato_373.jpg,0.510,2.043,0.490,0.915
1866,tomato_374.jpg,0.443,2.165,0.462,0.820
1867,tomato_375.jpg,0.478,1.600,0.625,0.918
1868,tomato_376.jpg,0.399,1.813,0.552,0.852
1869,tomato_377.jpg,0.630,1.520,0.658,0.945
1870,tomato_378.jpg,0.538,1.654,0.604,0.927
1871,tomato_379.jpg,0.417,1.697,0.589,0.843
1872,tomato_38.jpg,0.568,1.559,0.641,0.922
1873,tomato_380.jpg,0.459,2.007,0.498,0.912
1874,tomato_381.jpg,0.504,1.870,0.535,0.914
1875,tomato_382.jpg,0.380,1.954,0.512,0.839
1876,tomato_383.jpg,0.333,1.220,0.820,0.874
1877,tomato_384.jpg,0.339,1.348,0.742,0.881
1878,tomato_385.jpg,0.610,1.211,0.826,0.919
1879,tomato_386.jpg,0.646,1.231,0.812,0.935
1880,tomato_387.jpg,0.411,1.214,0.823,0.885
1881,tomato_388.jpg,0.376,1.077,0.928,0.865
1882,tomato_389.jpg,0.357,1.438,0.695,0.856
1883,tomato_39.jpg,0.682,1.635,0.612,0.958
1884,tomato_390.jpg,0.658,1.136,0.880,0.940
1885,tomato_4.jpg,0.550,1.650,0.606,0.916
1886,tomato_40.jpg,0.432,1.858,0.538,0.892
1887,tomato_41.jpg,0.552,1.756,0.569,0.907
1888,tomato_42.jpg,0.568,1.883,0.531,0.915
1889,tomato_43.jpg,0.360,1.959,0.510,0.805
1890,tomato_44.jpg,0.593,1.809,0.553,0.938
1891,tomato_45.jpg,0.451,1.840,0.543,0.878
1892,tomato_46.jpg,0.403,2.285,0.438,0.850
1893,tomato_47.jpg,0.428,1.922,0.520,0.857
1894,tomato_48.jpg,0.359,2.433,0.411,0.814
1895,tomato_49.jpg,0.482,2.128,0.470,0.918
1896,tomato_5.jpg,0.382,2.177,0.459,0.838
1897,tomato_50.jpg,0.532,1.992,0.502,0.933
1898,tomato_51.jpg,0.409,2.283,0.438,0.831
1899,tomato_52.jpg,0.440,2.128,0.470,0.886
1900,tomato_53.jpg,0.544,1.678,0.596,0.913
1901,tomato_54.jpg,0.668,1.517,0.659,0.936
1902,tomato_55.jpg,0.676,1.430,0.699,0.937
1903,tomato_56.jpg,0.649,1.787,0.560,0.952
1904,tomato_57.jpg,0.444,1.623,0.616,0.860
1905,tomato_58.jpg,0.391,1.970,0.508,0.784
1906,tomato_59.jpg,0.544,1.717,0.582,0.901
1907,tomato_6.jpg,0.458,1.601,0.625,0.874
1908,tomato_60.jpg,0.370,1.955,0.511,0.831
1909,tomato_61.jpg,0.561,1.470,0.680,0.900
1910,tomato_62.jpg,0.450,1.722,0.581,0.904
1911,tomato_63.jpg,0.506,1.679,0.596,0.893
1912,tomato_64.jpg,0.515,1.547,0.647,0.882
1913,tomato_65.jpg,0.526,1.860,0.538,0.923
1914,tomato_66.jpg,0.542,1.886,0.530,0.916
1915,tomato_67.jpg,0.501,2.214,0.452,0.899
1916,tomato_68.jpg,0.413,1.950,0.513,0.851
1917,tomato_69.jpg,0.479,1.767,0.566,0.899
1918,tomato_7.jpg,0.335,1.806,0.554,0.826
1919,tomato_70.jpg,0.584,1.601,0.625,0.924
1920,tomato_71.jpg,0.456,1.838,0.544,0.890
1921,tomato_72.jpg,0.467,1.717,0.582,0.905
1922,tomato_73.jpg,0.428,2.098,0.477,0.887
1923,tomato_74.jpg,0.501,2.026,0.494,0.894
1924,tomato_75.jpg,0.516,1.888,0.530,0.913
1925,tomato_76.jpg,0.388,2.190,0.457,0.884
1926,tomato_77.jpg,0.436,1.955,0.512,0.889
1927,tomato_78.jpg,0.474,1.944,0.514,0.891
1928,tomato_79.jpg,0.462,2.008,0.498,0.883
1929,tomato_8.jpg,0.520,1.782,0.561,0.900
1930,tomato_80.jpg,0.549,1.938,0.516,0.899
1931,tomato_81.jpg,0.455,1.669,0.599,0.896
1932,tomato_82.jpg,0.501,1.756,0.569,0.869
1933,tomato_83.jpg,0.537,1.633,0.612,0.914
1934,tomato_84.jpg,0.465,1.816,0.551,0.906
1935,tomato_85.jpg,0.471,2.166,0.462,0.916
1936,tomato_86.jpg,0.425,1.985,0.504,0.875
1937,tomato_87.jpg,0.527,1.886,0.530,0.930
1938,tomato_88.jpg,0.498,1.980,0.505,0.900
1939,tomato_89.jpg,0.392,2.085,0.480,0.870
1940,tomato_9.jpg,0.552,1.520,0.658,0.901
1941,tomato_90.jpg,0.518,1.601,0.625,0.906
1942,tomato_91.jpg,0.488,1.980,0.505,0.902
1943,tomato_92.jpg,0.496,1.870,0.535,0.896
1944,tomato_93.jpg,0.681,1.489,0.671,0.961
1945,tomato_94.jpg,0.733,1.531,0.653,0.972
1946,tomato_95.jpg,0.650,1.641,0.610,0.936
1947,tomato_96.jpg,0.717,1.379,0.725,0.948
1948,tomato_97.jpg,0.484,2.064,0.484,0.905
1949,tomato_98.jpg,0.501,1.940,0.516,0.901
1950,tomato_99.jpg,0.406,1.891,0.529,0.892
